nan,nan,1.842105263157898382e-02,nan,nan,nan,nan,nan,nan,nan,nan,nan,nan,nan,nan,nan,nan,nan,nan,nan,nan,nan,nan,2.046783625730996814e-02,nan,nan,nan,5.000000000000002359e-02,nan,-2.923976608187106585e-03,nan,7.046783625730997092e-02,nan,nan,nan,nan,nan,nan,nan,nan,nan,nan,nan,-2.339181286549685095e-03,nan,nan,-2.923976608186995780e-04,nan,nan,0.000000000000000000e+00,nan,nan,2.631578947368451351e-03,nan,nan,nan,nan,nan,nan,2.339181286549729764e-03,nan,nan,nan,nan,nan
nan,nan,8.683068017366114139e-03,nan,nan,nan,nan,nan,nan,nan,nan,nan,nan,nan,nan,nan,nan,nan,nan,nan,nan,nan,nan,1.910274963820546290e-02,nan,nan,nan,1.331403762662806099e-02,nan,-3.183791606367636275e-03,nan,8.683068017366132874e-02,nan,nan,nan,nan,nan,nan,nan,nan,nan,nan,nan,-4.630969609261991957e-03,nan,nan,-1.447178002894400350e-03,nan,nan,1.447178002894289328e-03,nan,nan,1.736613603473191689e-03,nan,nan,nan,nan,nan,nan,7.525325615050593164e-03,nan,nan,nan,nan,nan
nan,nan,-4.761904761904744987e-03,nan,nan,nan,nan,nan,nan,nan,nan,nan,nan,nan,nan,nan,nan,nan,nan,nan,nan,nan,nan,2.678571428571430157e-02,nan,nan,nan,5.148809523809527722e-02,nan,-2.380952380952372494e-03,nan,9.880952380952383318e-02,nan,nan,nan,nan,nan,nan,nan,nan,nan,nan,nan,0.000000000000000000e+00,nan,nan,-2.083333333333325932e-03,nan,nan,-1.190476190476186247e-03,nan,nan,7.738095238095233155e-03,nan,nan,nan,nan,nan,nan,1.279761904761909062e-02,nan,nan,nan,nan,nan
nan,nan,1.457725947521892971e-03,nan,nan,nan,nan,nan,nan,nan,nan,nan,nan,nan,nan,nan,nan,nan,nan,nan,nan,nan,nan,3.906705539358603513e-02,nan,nan,nan,3.032069970845485685e-02,nan,1.457725947521892971e-03,nan,1.198250728862974013e-01,nan,nan,nan,nan,nan,nan,nan,nan,nan,nan,nan,2.623906705539402577e-03,nan,nan,-1.166180758017465371e-03,nan,nan,-2.915451895043608133e-04,nan,nan,-2.623906705539336224e-03,nan,nan,nan,nan,nan,nan,5.539358600583144283e-03,nan,nan,nan,nan,nan
nan,nan,-8.670520231213396873e-04,nan,nan,nan,nan,nan,nan,nan,nan,nan,nan,nan,nan,nan,nan,nan,nan,nan,nan,nan,nan,4.277456647398849426e-02,nan,nan,nan,1.820809248554920018e-02,nan,-4.913294797687828459e-03,nan,1.078034682080925427e-01,nan,nan,nan,nan,nan,nan,nan,nan,nan,nan,nan,4.440892098500626408e-17,nan,nan,-3.179190751445037846e-03,nan,nan,0.000000000000000000e+00,nan,nan,2.312138728323742502e-03,nan,nan,nan,nan,nan,nan,2.890173410404650589e-03,nan,nan,nan,nan,nan
nan,nan,-1.736613603473169355e-03,nan,nan,nan,nan,nan,nan,nan,nan,nan,nan,nan,nan,nan,nan,nan,nan,nan,nan,nan,nan,nan,nan,nan,nan,5.354558610709121702e-02,nan,2.894356005789022529e-04,nan,-1.736613603473191689e-03,nan,nan,nan,nan,nan,nan,nan,nan,nan,nan,nan,2.026049204052094051e-03,nan,nan,1.736613603473235925e-03,nan,nan,1.736613603473258259e-03,nan,nan,-2.894356005788689679e-03,nan,nan,nan,nan,2.604920405209831986e-03,nan,6.946454413892922015e-03,nan,nan,nan,nan,nan
nan,nan,2.307692307692304004e-02,nan,nan,nan,nan,nan,nan,nan,nan,nan,nan,nan,nan,nan,nan,nan,nan,nan,nan,nan,nan,2.988165680473369237e-02,nan,nan,nan,4.467455621301772567e-02,nan,2.662721893491060057e-03,nan,9.349112426035496859e-02,nan,nan,nan,nan,nan,nan,nan,nan,nan,nan,nan,1.183431952662683528e-03,nan,nan,1.183431952662683528e-03,nan,nan,2.958579881656708821e-04,nan,nan,4.437869822485174254e-03,nan,nan,nan,nan,nan,nan,4.142011834319480820e-03,nan,nan,nan,nan,nan
nan,nan,1.650071123755341221e-02,nan,nan,nan,nan,nan,nan,nan,nan,nan,nan,nan,nan,nan,nan,nan,nan,nan,nan,nan,nan,4.495021337126605537e-02,nan,nan,nan,3.669985775248938570e-02,nan,-8.534850640113500041e-04,nan,5.917496443812240298e-02,nan,nan,nan,nan,nan,nan,nan,nan,nan,nan,nan,1.991465149359950178e-03,nan,nan,-1.991465149359816604e-03,nan,nan,1.706970128022811031e-03,nan,nan,2.844950213371299965e-03,nan,nan,nan,nan,nan,nan,6.543385490753950151e-03,nan,nan,nan,nan,nan
nan,nan,1.432664756446988541e-03,nan,nan,nan,nan,nan,nan,nan,nan,nan,nan,nan,nan,nan,nan,nan,nan,nan,nan,nan,nan,4.154727793696277871e-02,nan,nan,nan,3.524355300859603052e-02,nan,6.590257879656146942e-03,nan,1.077363896848137631e-01,nan,nan,nan,nan,nan,nan,nan,nan,nan,nan,nan,4.297994269340965623e-03,nan,nan,1.146131805157590876e-03,nan,nan,2.865329512893977082e-03,nan,nan,9.742120343839522772e-03,nan,nan,nan,nan,nan,nan,9.742120343839522772e-03,nan,nan,nan,nan,nan
nan,nan,1.529581529581531749e-02,nan,nan,nan,nan,nan,nan,nan,nan,nan,nan,nan,nan,nan,nan,nan,nan,nan,nan,nan,nan,2.481962481962483175e-02,nan,nan,nan,-5.772005772005872832e-04,nan,1.731601731601784076e-03,nan,1.200577200577201131e-01,nan,nan,nan,nan,nan,nan,nan,nan,nan,nan,nan,-4.040404040404022186e-03,nan,nan,0.000000000000000000e+00,nan,nan,0.000000000000000000e+00,nan,nan,5.194805194805240771e-03,nan,nan,nan,nan,nan,nan,2.020202020202033211e-03,nan,nan,nan,nan,nan
nan,nan,1.193595342066957644e-02,nan,nan,nan,nan,nan,nan,nan,nan,nan,nan,nan,nan,nan,nan,nan,nan,nan,nan,nan,nan,4.075691411935953440e-02,nan,nan,nan,3.202328966521084033e-03,nan,2.911208151382460368e-04,nan,1.144104803493449785e-01,nan,nan,nan,nan,nan,nan,nan,nan,nan,nan,nan,1.164483260553095170e-03,nan,nan,-5.822416302765809782e-04,nan,nan,2.911208151382682630e-04,nan,nan,8.733624454148446875e-03,nan,nan,nan,nan,nan,nan,1.077147016011645829e-02,nan,nan,nan,nan,nan
nan,nan,1.412429378531099245e-03,nan,nan,nan,nan,nan,nan,nan,nan,nan,nan,nan,nan,nan,nan,nan,nan,nan,nan,nan,nan,2.401129943502826672e-02,nan,nan,nan,2.514124293785315739e-02,nan,-5.649717514124130268e-04,nan,1.127118644067796882e-01,nan,nan,nan,nan,nan,nan,nan,nan,nan,nan,nan,-8.474576271186395546e-03,nan,nan,2.220446049250313204e-17,nan,nan,-3.107344632768338326e-03,nan,nan,2.824858757062509657e-04,nan,nan,nan,nan,nan,nan,9.322033898305104316e-03,nan,nan,nan,nan,nan
nan,nan,1.422475106685649983e-03,nan,nan,nan,nan,nan,nan,nan,nan,nan,nan,nan,nan,nan,nan,nan,nan,nan,nan,nan,nan,2.674253200568992364e-02,nan,nan,nan,1.593172119487911223e-02,nan,-5.689900426742334084e-04,nan,1.172119487908962060e-01,nan,nan,nan,nan,nan,nan,nan,nan,nan,nan,nan,1.991465149359905509e-03,nan,nan,0.000000000000000000e+00,nan,nan,1.422475106685694435e-03,nan,nan,1.706970128022811031e-03,nan,nan,nan,nan,nan,nan,4.551920341394066760e-03,nan,nan,nan,nan,nan
nan,nan,8.720112517580914241e-03,nan,nan,nan,nan,nan,nan,nan,nan,nan,nan,nan,nan,nan,nan,nan,nan,nan,nan,nan,nan,3.516174402250356323e-02,nan,nan,nan,7.229254571026724752e-02,nan,-1.969057665260143166e-03,nan,6.835443037974686664e-02,nan,nan,nan,nan,nan,nan,nan,nan,nan,nan,nan,1.125175808720135740e-03,nan,nan,2.531645569620288774e-03,nan,nan,-2.812939521800283948e-03,nan,nan,8.157524613220834553e-03,nan,nan,nan,nan,nan,nan,5.907172995780607741e-03,nan,nan,nan,nan,nan
nan,nan,5.663189269746693628e-03,nan,nan,nan,nan,nan,nan,nan,nan,nan,nan,nan,nan,nan,nan,nan,nan,nan,nan,nan,nan,3.964232488822654055e-02,nan,nan,nan,4.769001490312969882e-02,nan,4.172876304023897913e-03,nan,8.614008941877800141e-02,nan,nan,nan,nan,nan,nan,nan,nan,nan,nan,nan,4.440892098500626408e-17,nan,nan,-5.961251862891092223e-04,nan,nan,0.000000000000000000e+00,nan,nan,2.220446049250313204e-17,nan,nan,nan,nan,nan,nan,8.643815201192306744e-03,nan,nan,nan,nan,nan
nan,nan,6.470588235294116863e-03,nan,nan,nan,nan,nan,nan,nan,nan,nan,nan,nan,nan,nan,nan,nan,nan,nan,nan,nan,nan,2.970588235294118265e-02,nan,nan,nan,5.205882352941180319e-02,nan,-2.352941176470579789e-03,nan,1.164705882352941452e-01,nan,nan,nan,nan,nan,nan,nan,nan,nan,nan,nan,0.000000000000000000e+00,nan,nan,2.941176470588224737e-04,nan,nan,1.176470588235289895e-03,nan,nan,2.352941176470579789e-03,nan,nan,nan,nan,nan,nan,5.588235294117649063e-03,nan,nan,nan,nan,nan
nan,nan,0.000000000000000000e+00,nan,nan,nan,nan,nan,nan,nan,nan,nan,nan,nan,nan,nan,nan,nan,nan,nan,nan,nan,nan,5.457184325108858924e-02,nan,nan,nan,5.341074020319312027e-02,nan,8.708272859216936723e-04,nan,1.036284470246734840e-01,nan,nan,nan,nan,nan,nan,nan,nan,nan,nan,nan,8.417997097242424162e-03,nan,nan,-2.612481857764836855e-03,nan,nan,2.902757619738905001e-04,nan,nan,-8.708272859215826500e-04,nan,nan,nan,nan,nan,nan,1.393323657474605445e-02,nan,nan,nan,nan,nan
nan,nan,5.830903790087660788e-04,nan,nan,nan,nan,nan,nan,nan,nan,nan,nan,nan,nan,nan,nan,nan,nan,nan,nan,nan,nan,4.693877551020406852e-02,nan,nan,nan,5.830903790087462596e-02,nan,8.746355685131490098e-04,nan,1.113702623906705769e-01,nan,nan,nan,nan,nan,nan,nan,nan,nan,nan,nan,-2.040816326530592480e-03,nan,nan,8.746355685131490098e-04,nan,nan,0.000000000000000000e+00,nan,nan,4.373177842565611692e-03,nan,nan,nan,nan,nan,nan,2.915451895043763390e-03,nan,nan,nan,nan,nan
nan,nan,7.558139534883734703e-03,nan,nan,nan,nan,nan,nan,nan,nan,nan,nan,nan,nan,nan,nan,nan,nan,nan,nan,nan,nan,6.511627906976744096e-02,nan,nan,nan,8.052325581395351761e-02,nan,1.162790697674420757e-03,nan,1.261627906976744151e-01,nan,nan,nan,nan,nan,nan,nan,nan,nan,nan,nan,8.720930232558154593e-04,nan,nan,-2.906976744186051892e-04,nan,nan,2.034883720930235999e-03,nan,nan,1.017441860465118086e-02,nan,nan,nan,nan,nan,nan,9.883720930232575350e-03,nan,nan,nan,nan,nan
nan,nan,1.235632183908039715e-02,nan,nan,nan,nan,nan,nan,nan,nan,nan,nan,nan,nan,nan,nan,nan,nan,nan,nan,nan,nan,5.517241379310340588e-02,nan,nan,nan,5.086206896551721812e-02,nan,5.172413793103425653e-03,nan,1.347701149425286904e-01,nan,nan,nan,nan,nan,nan,nan,nan,nan,nan,nan,6.321839080459712781e-03,nan,nan,2.586206896551690275e-03,nan,nan,0.000000000000000000e+00,nan,nan,7.183908045976994047e-03,nan,nan,nan,nan,nan,nan,1.235632183908041970e-02,nan,nan,nan,nan,nan
nan,nan,0.000000000000000000e+00,nan,nan,nan,nan,nan,nan,nan,nan,nan,nan,nan,nan,nan,nan,nan,nan,nan,nan,nan,nan,2.096069868995633495e-02,nan,nan,nan,8.064046579330423625e-02,nan,0.000000000000000000e+00,nan,4.337700145560410142e-02,nan,nan,nan,nan,nan,nan,nan,nan,nan,nan,nan,2.911208151382904891e-04,nan,nan,2.911208151382837887e-03,nan,nan,1.164483260553161956e-03,nan,nan,nan,nan,nan,nan,nan,9.898107714701610133e-03,nan,4.075691411935977726e-03,nan,nan,nan,nan,nan
nan,nan,1.529411764705887987e-02,nan,nan,nan,nan,nan,nan,nan,nan,nan,nan,nan,nan,nan,nan,nan,nan,nan,nan,nan,nan,4.205882352941179431e-02,nan,nan,nan,2.352941176470579789e-03,nan,0.000000000000000000e+00,nan,1.226470588235294146e-01,nan,nan,nan,nan,nan,nan,nan,nan,nan,nan,nan,-1.764705882352934950e-03,nan,nan,-8.823529411764674752e-04,nan,nan,-1.470588235294112422e-03,nan,nan,5.294117647058826752e-03,nan,nan,nan,nan,nan,nan,2.352941176470601907e-03,nan,nan,nan,nan,nan
nan,nan,1.005747126436780034e-02,nan,nan,nan,nan,nan,nan,nan,nan,nan,nan,nan,nan,nan,nan,nan,nan,nan,nan,nan,nan,nan,nan,nan,nan,1.724137931034475145e-03,nan,1.149425287356331581e-03,nan,-1.149425287356287129e-03,nan,nan,nan,nan,nan,nan,nan,nan,nan,nan,nan,0.000000000000000000e+00,nan,nan,-2.298850574712641044e-03,nan,nan,0.000000000000000000e+00,nan,nan,-1.724137931034475145e-03,nan,nan,nan,nan,4.597701149425282088e-03,nan,-2.873563218390495560e-04,nan,nan,nan,nan,nan
nan,nan,3.413940256045511039e-03,nan,nan,nan,nan,nan,nan,nan,nan,nan,nan,nan,nan,nan,nan,nan,nan,nan,nan,nan,nan,nan,nan,nan,nan,1.137980085348488934e-03,nan,3.129445234708350208e-03,nan,3.300142247510664401e-02,nan,nan,nan,nan,nan,nan,nan,nan,nan,nan,nan,3.129445234708350208e-03,nan,nan,3.413940256045511039e-03,nan,nan,-2.844950213371388761e-04,nan,nan,-1.422475106685672317e-03,nan,nan,nan,nan,3.982930298719744230e-03,nan,1.137980085348504547e-02,nan,nan,nan,nan,nan
nan,nan,3.468208092485514007e-03,nan,nan,nan,nan,nan,nan,nan,nan,nan,nan,nan,nan,nan,nan,nan,nan,nan,nan,nan,nan,4.710982658959530361e-02,nan,nan,nan,2.514450867052018396e-02,nan,2.023121387283177870e-03,nan,1.115606936416184275e-01,nan,nan,nan,nan,nan,nan,nan,nan,nan,nan,nan,2.312138728323654031e-03,nan,nan,-8.670520231214507096e-04,nan,nan,2.890173410404539350e-04,nan,nan,5.491329479768713995e-03,nan,nan,nan,nan,nan,nan,3.468208092485514007e-03,nan,nan,nan,nan,nan
nan,nan,8.583690987124503388e-03,nan,nan,nan,nan,nan,nan,nan,nan,nan,nan,nan,nan,nan,nan,nan,nan,nan,nan,nan,nan,nan,nan,nan,nan,-3.719599427753861494e-03,nan,3.719599427753972516e-03,nan,4.635193133047212782e-02,nan,nan,nan,nan,nan,nan,nan,nan,nan,nan,nan,2.861230329041619777e-04,nan,nan,4.005722460658134657e-03,nan,nan,1.430615164520809834e-03,nan,nan,6.866952789699598200e-03,nan,nan,nan,nan,1.001430615164526985e-02,nan,9.728183118741106847e-03,nan,nan,nan,nan,nan
nan,nan,8.915304606240681551e-04,nan,nan,nan,nan,nan,nan,nan,nan,nan,nan,nan,nan,nan,nan,nan,nan,nan,nan,nan,nan,nan,nan,nan,nan,2.971768202080227184e-04,nan,0.000000000000000000e+00,nan,2.080237741456159029e-03,nan,nan,nan,nan,nan,nan,nan,nan,nan,nan,nan,-1.485884101040113592e-03,nan,nan,-2.971768202080227184e-04,nan,nan,0.000000000000000000e+00,nan,nan,2.377414561664181747e-03,nan,nan,nan,nan,1.693907875185734005e-02,nan,3.268945022288249902e-03,nan,nan,nan,nan,nan
nan,nan,5.563282336578545973e-04,nan,nan,nan,nan,nan,nan,nan,nan,nan,nan,nan,nan,nan,nan,nan,nan,nan,nan,nan,nan,5.785813630041727190e-02,nan,nan,nan,4.367176634214185033e-02,nan,-2.781641168289272987e-04,nan,1.193324061196105734e-01,nan,nan,nan,nan,nan,nan,nan,nan,nan,nan,nan,1.390820584144636385e-03,nan,nan,1.390820584144636385e-03,nan,nan,0.000000000000000000e+00,nan,nan,4.450625869262836778e-03,nan,nan,nan,nan,nan,nan,1.029207232267039841e-02,nan,nan,nan,nan,nan
nan,nan,2.857142857142891401e-03,nan,nan,nan,nan,nan,nan,nan,nan,nan,nan,nan,nan,nan,nan,nan,nan,nan,nan,nan,nan,3.314285714285718221e-02,nan,nan,nan,4.000000000000003553e-02,nan,0.000000000000000000e+00,nan,6.771428571428575460e-02,nan,nan,nan,nan,nan,nan,nan,nan,nan,nan,nan,8.571428571428673987e-04,nan,nan,2.000000000000023894e-03,nan,nan,0.000000000000000000e+00,nan,nan,4.000000000000026104e-03,nan,nan,nan,nan,nan,nan,7.428571428571473581e-03,nan,nan,nan,nan,nan
nan,nan,-6.824925816023830021e-03,nan,nan,nan,nan,nan,nan,nan,nan,nan,nan,nan,nan,nan,nan,nan,nan,nan,nan,nan,nan,2.462908011869429162e-02,nan,nan,nan,5.637982195845692157e-02,nan,2.967359050445095075e-04,nan,7.002967359050438212e-02,nan,nan,nan,nan,nan,nan,nan,nan,nan,nan,nan,0.000000000000000000e+00,nan,nan,1.483679525222547646e-03,nan,nan,-2.077151335311611113e-03,nan,nan,nan,nan,nan,nan,nan,2.077151335311566878e-03,nan,-2.220446049250313204e-17,nan,nan,nan,nan,nan
nan,nan,2.890173410404623874e-02,nan,nan,nan,nan,nan,nan,nan,nan,nan,nan,nan,nan,nan,nan,nan,nan,nan,nan,nan,nan,5.549132947976882779e-02,nan,nan,nan,1.156069364161860192e-03,nan,-1.445086705202291901e-03,nan,1.156069364161849966e-01,nan,nan,nan,nan,nan,nan,nan,nan,nan,nan,nan,4.046242774566510998e-03,nan,nan,-5.780346820808857523e-04,nan,nan,2.890173410404761611e-04,nan,nan,3.179190751445104633e-03,nan,nan,nan,nan,nan,nan,4.913294797687872695e-03,nan,nan,nan,nan,nan
nan,nan,5.128205128205087435e-03,nan,nan,nan,nan,nan,nan,nan,nan,nan,nan,nan,nan,nan,nan,nan,nan,nan,nan,nan,nan,3.418803418803415678e-02,nan,nan,nan,7.692307692307642428e-03,nan,0.000000000000000000e+00,nan,8.860398860398858989e-02,nan,nan,nan,nan,nan,nan,nan,nan,nan,nan,nan,8.547008547008294382e-04,nan,nan,-5.698005698005825575e-04,nan,nan,2.849002849002691068e-04,nan,nan,3.988603988603944654e-03,nan,nan,nan,nan,nan,nan,6.552706552706522199e-03,nan,nan,nan,nan,nan
nan,nan,8.057553956834540704e-03,nan,nan,nan,nan,nan,nan,nan,nan,nan,nan,nan,nan,nan,nan,nan,nan,nan,nan,nan,nan,3.539568345323742399e-02,nan,nan,nan,3.366906474820145767e-02,nan,-2.302158273381316178e-03,nan,1.286330935251798757e-01,nan,nan,nan,nan,nan,nan,nan,nan,nan,nan,nan,-2.877697841726623105e-03,nan,nan,-2.302158273381316178e-03,nan,nan,-2.589928057553980700e-03,nan,nan,6.043165467625910732e-03,nan,nan,nan,nan,nan,nan,4.316546762589945282e-03,nan,nan,nan,nan,nan
nan,nan,-5.641748942172064357e-04,nan,nan,nan,nan,3.385049365303238831e-03,nan,nan,nan,nan,nan,nan,nan,nan,nan,nan,nan,nan,nan,nan,nan,3.864598025387864372e-02,nan,nan,nan,3.300423131170657914e-02,nan,5.641748942172064357e-04,nan,1.289139633286318642e-01,nan,nan,nan,nan,nan,nan,nan,nan,nan,nan,nan,-8.462623413258097077e-04,nan,nan,1.692524682651619415e-03,nan,nan,2.820874471086032178e-04,nan,nan,nan,nan,nan,nan,nan,nan,nan,7.616361071932286828e-03,nan,nan,nan,nan,nan
nan,nan,6.916426512968243227e-03,nan,nan,nan,nan,nan,nan,nan,nan,nan,nan,nan,nan,nan,nan,nan,nan,nan,nan,nan,nan,1.613832853025931602e-02,nan,nan,nan,3.832853025936593105e-02,nan,2.881844380402842523e-04,nan,8.184438040345816401e-02,nan,nan,nan,nan,nan,nan,nan,nan,nan,nan,nan,1.440922190201687813e-03,nan,nan,-2.305475504322807012e-03,nan,nan,0.000000000000000000e+00,nan,nan,4.899135446685831327e-03,nan,nan,nan,nan,nan,nan,6.340057636887541474e-03,nan,nan,nan,nan,nan
nan,nan,1.664233576642335649e-02,nan,nan,nan,nan,nan,nan,nan,nan,nan,nan,nan,nan,nan,nan,nan,nan,nan,nan,nan,nan,nan,nan,nan,nan,6.131386861313870007e-03,nan,-5.839416058394331305e-04,nan,6.423357664233586735e-03,nan,nan,nan,nan,nan,nan,nan,nan,nan,nan,nan,5.547445255474481654e-03,nan,nan,8.759124087591496416e-04,nan,nan,1.459854014598582772e-03,nan,nan,2.919708029197098757e-03,nan,nan,nan,nan,2.335766423357665735e-03,nan,1.197080291970802415e-02,nan,nan,nan,nan,nan
nan,nan,2.728551336146272169e-02,nan,nan,nan,nan,nan,nan,nan,nan,nan,nan,nan,nan,nan,nan,nan,nan,nan,nan,nan,nan,6.610407876230658952e-02,nan,nan,nan,4.472573839662448425e-02,nan,2.531645569620222420e-03,nan,1.125175808720112747e-01,nan,nan,nan,nan,nan,nan,nan,nan,nan,nan,nan,4.219409282700414647e-03,nan,nan,-2.812939521800261831e-03,nan,nan,2.812939521800172926e-04,nan,nan,2.531645569620244538e-03,nan,nan,nan,nan,nan,nan,1.125175808720135740e-03,nan,nan,nan,nan,nan
nan,nan,0.000000000000000000e+00,nan,nan,nan,nan,nan,nan,nan,nan,nan,nan,nan,nan,nan,nan,nan,nan,nan,nan,nan,nan,1.295180722891569117e-02,nan,nan,nan,4.668674698795185346e-02,nan,1.506024096385560895e-03,nan,4.638554216867474267e-02,nan,nan,nan,nan,nan,nan,nan,nan,nan,nan,nan,2.220446049250313204e-17,nan,nan,0.000000000000000000e+00,nan,nan,0.000000000000000000e+00,nan,nan,-3.915662650602369163e-03,nan,nan,nan,nan,nan,nan,1.807228915662695322e-03,nan,nan,nan,nan,nan
nan,nan,1.746724890829631695e-03,nan,nan,nan,nan,nan,nan,nan,nan,nan,nan,nan,nan,nan,nan,nan,nan,nan,nan,nan,nan,4.687045123726343160e-02,nan,nan,nan,1.039301310043667936e-01,nan,-1.164483260553161956e-03,nan,9.228529839883545249e-02,nan,nan,nan,nan,nan,nan,nan,nan,nan,nan,nan,-5.822416302766030959e-04,nan,nan,3.493449781659374413e-03,nan,nan,-2.328966521106323913e-03,nan,nan,4.366812227074201753e-03,nan,nan,nan,nan,nan,nan,1.368267831149922939e-02,nan,nan,nan,nan,nan
nan,nan,6.404657933042212301e-03,nan,nan,nan,nan,nan,nan,nan,nan,nan,nan,nan,nan,nan,nan,nan,nan,nan,nan,nan,nan,3.755458515283842391e-02,nan,nan,nan,1.164483260553128563e-02,nan,0.000000000000000000e+00,nan,7.394468704512371926e-02,nan,nan,nan,nan,nan,nan,nan,nan,nan,nan,nan,-5.822416302765809782e-04,nan,nan,-1.746724890829698482e-03,nan,nan,0.000000000000000000e+00,nan,nan,2.037845705967988863e-03,nan,nan,nan,nan,nan,nan,9.606986899563319318e-03,nan,nan,nan,nan,nan
nan,nan,8.273894436519203116e-03,nan,nan,nan,nan,nan,nan,nan,nan,nan,nan,nan,nan,nan,nan,nan,nan,nan,nan,nan,nan,3.794579172610550166e-02,nan,nan,nan,3.223965763195431322e-02,nan,3.138373751783096570e-03,nan,6.333808844507840541e-02,nan,nan,nan,nan,nan,nan,nan,nan,nan,nan,nan,3.138373751783096570e-03,nan,nan,3.423680456490663104e-03,nan,nan,4.279600570613361840e-03,nan,nan,9.129814550641901852e-03,nan,nan,nan,nan,nan,nan,1.112696148359482162e-02,nan,nan,nan,nan,nan
nan,nan,1.844802342606146478e-02,nan,nan,nan,nan,nan,nan,nan,nan,nan,nan,nan,nan,nan,nan,nan,nan,nan,nan,nan,nan,5.505124450951679599e-02,nan,nan,nan,-1.171303074670615452e-03,nan,-4.440892098500626408e-17,nan,9.985358711566613699e-02,nan,nan,nan,nan,nan,nan,nan,nan,nan,nan,nan,8.784773060028783220e-04,nan,nan,-5.856515373353187847e-04,nan,nan,0.000000000000000000e+00,nan,nan,6.734992679355733536e-03,nan,nan,nan,nan,nan,nan,5.856515373352810978e-03,nan,nan,nan,nan,nan
nan,nan,4.596100278551536189e-02,nan,nan,nan,nan,nan,nan,nan,nan,nan,nan,nan,nan,nan,nan,nan,nan,nan,nan,nan,nan,2.618384401114210933e-02,nan,nan,nan,2.423398328690813328e-02,nan,-3.064066852367641584e-03,nan,9.554317548746522892e-02,nan,nan,nan,nan,nan,nan,nan,nan,nan,nan,nan,8.356545961003325257e-04,nan,nan,-1.392757660167109890e-03,nan,nan,-8.356545961002659556e-04,nan,nan,1.058495821727021245e-02,nan,nan,nan,nan,nan,nan,7.799442896935992672e-03,nan,nan,nan,nan,nan
nan,nan,4.913294797687850143e-03,nan,nan,nan,nan,nan,nan,nan,nan,nan,nan,nan,nan,nan,nan,nan,nan,nan,nan,nan,nan,5.317919075144508095e-02,nan,nan,nan,5.317919075144508095e-02,nan,2.890173410404539350e-04,nan,9.566473988439305742e-02,nan,nan,nan,nan,nan,nan,nan,nan,nan,nan,nan,-3.179190751445104633e-03,nan,nan,8.670520231213840311e-04,nan,nan,-5.780346820809078700e-04,nan,nan,6.358381502890186714e-03,nan,nan,nan,nan,nan,nan,9.248554913294770516e-03,nan,nan,nan,nan,nan
nan,nan,2.312138728323654031e-03,nan,nan,nan,nan,nan,nan,nan,nan,nan,nan,nan,nan,nan,nan,nan,nan,nan,nan,nan,nan,4.999999999999995420e-02,nan,nan,nan,3.757225433526003439e-02,nan,-8.670520231214284834e-04,nan,9.739884393063577561e-02,nan,nan,nan,nan,nan,nan,nan,nan,nan,nan,nan,-2.220446049250313204e-17,nan,nan,0.000000000000000000e+00,nan,nan,-1.445086705202380806e-03,nan,nan,3.757225433525945932e-03,nan,nan,nan,nan,nan,nan,1.127167630057799262e-02,nan,nan,nan,nan,nan
nan,nan,1.979621542940315088e-02,nan,nan,nan,nan,nan,nan,nan,nan,nan,nan,nan,nan,nan,nan,nan,nan,nan,nan,nan,nan,3.289665211062584721e-02,nan,nan,nan,6.783114992721976655e-02,nan,1.164483260553095170e-03,nan,3.901018922852981380e-02,nan,nan,nan,nan,nan,nan,nan,nan,nan,nan,nan,2.911208151382460368e-04,nan,nan,2.620087336244503271e-03,nan,nan,2.911208151382682630e-04,nan,nan,4.366812227074201753e-03,nan,nan,nan,nan,nan,nan,2.620087336244503271e-03,nan,nan,nan,nan,nan
nan,nan,1.164483260553095170e-03,nan,nan,nan,nan,nan,nan,nan,nan,nan,nan,nan,nan,nan,nan,nan,nan,nan,nan,nan,nan,3.901018922852981380e-02,nan,nan,nan,4.745269286753998894e-02,nan,2.911208151382460368e-04,nan,9.665211062590975399e-02,nan,nan,nan,nan,nan,nan,nan,nan,nan,nan,nan,4.366812227074179202e-03,nan,nan,3.493449781659352295e-03,nan,nan,0.000000000000000000e+00,nan,nan,4.949053857350759963e-03,nan,nan,nan,nan,nan,nan,1.193595342066953134e-02,nan,nan,nan,nan,nan
nan,nan,1.137026239067058173e-02,nan,nan,nan,nan,nan,nan,nan,nan,nan,nan,nan,nan,nan,nan,nan,nan,nan,nan,nan,nan,2.215743440233237591e-02,nan,nan,nan,9.504373177842569131e-02,nan,5.830903790087881965e-04,nan,6.822157434402334464e-02,nan,nan,nan,nan,nan,nan,nan,nan,nan,nan,nan,-2.040816326530569928e-03,nan,nan,1.166180758017509823e-03,nan,nan,5.830903790087660788e-04,nan,nan,nan,nan,nan,nan,nan,6.413994169096226723e-03,nan,5.830903790087482545e-03,nan,nan,nan,nan,nan
nan,nan,5.499276410998554798e-02,nan,nan,nan,nan,nan,nan,nan,nan,nan,nan,nan,nan,nan,nan,nan,nan,nan,nan,nan,nan,4.949348769898700290e-02,nan,nan,nan,1.157742402315486974e-02,nan,1.736613603473258259e-03,nan,1.146164978292330272e-01,nan,nan,nan,nan,nan,nan,nan,nan,nan,nan,nan,8.683068017366157507e-03,nan,nan,0.000000000000000000e+00,nan,nan,2.894356005788800809e-04,nan,nan,1.244573082489148705e-02,nan,nan,nan,nan,nan,nan,1.244573082489148705e-02,nan,nan,nan,nan,nan
nan,nan,-3.857566765578623706e-03,nan,nan,nan,nan,nan,nan,nan,nan,nan,nan,nan,nan,nan,nan,nan,nan,nan,nan,nan,nan,6.795252225519290978e-02,nan,nan,nan,4.035608308605340838e-02,nan,0.000000000000000000e+00,nan,1.252225519287833710e-01,nan,nan,nan,nan,nan,nan,nan,nan,nan,nan,nan,6.528189910979209816e-03,nan,nan,-2.373887240356076060e-03,nan,nan,0.000000000000000000e+00,nan,nan,8.902077151335286310e-04,nan,nan,nan,nan,nan,nan,5.341246290801171352e-03,nan,nan,nan,nan,nan
nan,nan,1.840120663650079980e-02,nan,nan,nan,nan,nan,nan,nan,nan,nan,nan,nan,nan,nan,nan,nan,nan,nan,nan,nan,nan,1.749622926093519215e-02,nan,nan,nan,2.141779788838615861e-02,nan,3.016591251885358815e-04,nan,7.752639517345401299e-02,nan,nan,nan,nan,nan,nan,nan,nan,nan,nan,nan,-2.413273001508287052e-03,nan,nan,1.809954751131215289e-03,nan,nan,1.809954751131215289e-03,nan,nan,1.206636500754143526e-03,nan,nan,nan,nan,nan,nan,3.016591251885358815e-03,nan,nan,nan,nan,nan
nan,nan,1.789321789321789494e-02,nan,nan,nan,nan,nan,nan,nan,nan,nan,nan,nan,nan,nan,nan,nan,nan,nan,nan,nan,nan,2.539682539682537252e-02,nan,nan,nan,5.108225108225106226e-02,nan,-2.220446049250313204e-17,nan,8.427128427128427468e-02,nan,nan,nan,nan,nan,nan,nan,nan,nan,nan,nan,1.731601731601739623e-03,nan,nan,-2.886002886002936416e-04,nan,nan,1.443001443001468154e-03,nan,nan,8.080808080808066923e-03,nan,nan,nan,nan,nan,nan,8.369408369408359860e-03,nan,nan,nan,nan,nan
nan,nan,-8.583690987124415351e-04,nan,nan,nan,nan,nan,nan,nan,nan,nan,nan,nan,nan,nan,nan,nan,nan,nan,nan,nan,nan,4.921316165951361565e-02,nan,nan,nan,4.778254649499287521e-02,nan,4.291845493562251694e-03,nan,1.184549356223176114e-01,nan,nan,nan,nan,nan,nan,nan,nan,nan,nan,nan,2.002861230329067328e-03,nan,nan,-5.722460658082795032e-04,nan,nan,0.000000000000000000e+00,nan,nan,9.155937052932761749e-03,nan,nan,nan,nan,nan,nan,6.008583690987135198e-03,nan,nan,nan,nan,nan
nan,nan,3.257142857142860531e-02,nan,nan,nan,nan,nan,nan,nan,nan,nan,nan,nan,nan,nan,nan,nan,nan,nan,nan,nan,nan,3.628571428571432389e-02,nan,nan,nan,2.628571428571431154e-02,nan,-5.714285714285783019e-04,nan,7.628571428571433166e-02,nan,nan,nan,nan,nan,nan,nan,nan,nan,nan,nan,-1.999999999999979659e-03,nan,nan,-1.428571428571423583e-03,nan,nan,0.000000000000000000e+00,nan,nan,3.142857142857180715e-03,nan,nan,nan,nan,nan,nan,8.571428571428608284e-03,nan,nan,nan,nan,nan
nan,nan,2.564841498559078392e-02,nan,nan,nan,nan,nan,nan,nan,nan,nan,nan,nan,nan,nan,nan,nan,nan,nan,nan,nan,nan,nan,nan,nan,nan,1.152737752161383557e-02,nan,0.000000000000000000e+00,nan,8.357348703170064397e-03,nan,nan,nan,nan,nan,nan,nan,nan,nan,nan,nan,-1.729106628242060807e-03,nan,nan,0.000000000000000000e+00,nan,nan,2.881844380403508765e-04,nan,nan,6.628242074927981689e-03,nan,nan,nan,nan,6.340057636887608261e-03,nan,6.628242074927981689e-03,nan,nan,nan,nan,nan
nan,nan,1.694915254237327985e-03,nan,nan,nan,nan,nan,nan,nan,nan,nan,nan,nan,nan,nan,nan,nan,nan,nan,nan,nan,nan,2.740112994350285547e-02,nan,nan,nan,8.333333333333334259e-02,nan,0.000000000000000000e+00,nan,8.898305084745763982e-02,nan,nan,nan,nan,nan,nan,nan,nan,nan,nan,nan,-2.542372881355880847e-03,nan,nan,3.107344632768382995e-03,nan,nan,1.694915254237350320e-03,nan,nan,-5.649717514123686829e-04,nan,nan,nan,nan,nan,nan,3.107344632768382995e-03,nan,nan,nan,nan,nan
nan,nan,7.007299270073019323e-03,nan,nan,nan,nan,nan,nan,nan,nan,nan,nan,nan,nan,nan,nan,nan,nan,nan,nan,nan,nan,4.000000000000003553e-02,nan,nan,nan,5.372262773722631668e-02,nan,4.440892098500626408e-17,nan,9.343065693430659124e-02,nan,nan,nan,nan,nan,nan,nan,nan,nan,nan,nan,-1.459854014598493867e-03,nan,nan,2.919708029197121309e-03,nan,nan,0.000000000000000000e+00,nan,nan,9.635036496350380536e-03,nan,nan,nan,nan,nan,nan,8.759124087591274588e-03,nan,nan,nan,nan,nan
nan,nan,1.997146932952920204e-03,nan,nan,nan,nan,nan,nan,nan,nan,nan,nan,nan,nan,nan,nan,nan,nan,nan,nan,nan,nan,5.706134094151212033e-02,nan,nan,nan,4.479315263908700828e-02,nan,8.559201141226768349e-04,nan,1.272467902995720324e-01,nan,nan,nan,nan,nan,nan,nan,nan,nan,nan,nan,1.141226818830243152e-03,nan,nan,5.706134094151549697e-04,nan,nan,-1.426533523537831805e-03,nan,nan,2.853067047075441456e-04,nan,nan,nan,nan,nan,nan,7.132667617689003765e-03,nan,nan,nan,nan,nan
nan,nan,-2.556818181818187874e-03,nan,nan,nan,nan,nan,nan,nan,nan,nan,nan,nan,nan,nan,nan,nan,nan,nan,nan,nan,nan,3.551136363636364646e-02,nan,nan,nan,6.931818181818180657e-02,nan,-2.840909090909171544e-04,nan,1.011363636363636215e-01,nan,nan,nan,nan,nan,nan,nan,nan,nan,nan,nan,-5.113636363636398299e-03,nan,nan,-8.522727272727292913e-04,nan,nan,0.000000000000000000e+00,nan,nan,7.386363636363602395e-03,nan,nan,nan,nan,nan,nan,9.943181818181790269e-03,nan,nan,nan,nan,nan
nan,nan,-8.583690987125081051e-04,nan,nan,nan,nan,nan,nan,nan,nan,nan,nan,nan,nan,nan,nan,nan,nan,nan,nan,nan,nan,3.576537911301853889e-02,nan,nan,nan,6.151645207439191548e-02,nan,4.005722460658023634e-03,nan,1.253218884120171073e-01,nan,nan,nan,nan,nan,nan,nan,nan,nan,nan,nan,1.430615164520698812e-03,nan,nan,5.722460658082795032e-04,nan,nan,0.000000000000000000e+00,nan,nan,6.580829756795370140e-03,nan,nan,nan,nan,nan,nan,1.688125894134471366e-02,nan,nan,nan,nan,nan
nan,nan,3.817914831130719746e-03,nan,nan,nan,nan,nan,nan,nan,nan,nan,nan,nan,nan,nan,nan,nan,nan,nan,nan,nan,nan,3.083700440528634040e-02,nan,nan,nan,-2.936857562408245917e-04,nan,0.000000000000000000e+00,nan,1.045521292217327369e-01,nan,nan,nan,nan,nan,nan,nan,nan,nan,nan,nan,-5.873715124816491833e-04,nan,nan,5.873715124816491833e-04,nan,nan,0.000000000000000000e+00,nan,nan,2.936857562408245917e-04,nan,nan,nan,nan,nan,nan,4.405286343612369038e-03,nan,nan,nan,nan,nan
nan,nan,1.630276564774375478e-02,nan,nan,nan,nan,nan,nan,nan,nan,nan,nan,nan,nan,nan,nan,nan,nan,nan,nan,nan,nan,1.921397379912661435e-02,nan,nan,nan,6.986899563318727142e-03,nan,-2.911208151383348872e-04,nan,9.374090247452689095e-02,nan,nan,nan,nan,nan,nan,nan,nan,nan,nan,nan,1.746724890829676148e-03,nan,nan,5.822416302765365259e-04,nan,nan,-1.164483260553161956e-03,nan,nan,9.606986899563251664e-03,nan,nan,nan,nan,nan,nan,1.280931586608438123e-02,nan,nan,nan,nan,nan
nan,nan,1.199999999999996556e-02,nan,nan,nan,nan,nan,nan,nan,nan,nan,nan,nan,nan,nan,nan,nan,nan,nan,nan,nan,nan,1.199999999999992219e-02,nan,nan,nan,5.228571428571424790e-02,nan,0.000000000000000000e+00,nan,1.228571428571423318e-02,nan,nan,nan,nan,nan,nan,nan,nan,nan,nan,nan,8.571428571428008287e-04,nan,nan,-1.714285714285757132e-03,nan,nan,0.000000000000000000e+00,nan,nan,nan,nan,nan,nan,nan,1.999999999999957541e-03,nan,-1.714285714285757132e-03,nan,nan,nan,nan,nan
nan,nan,-3.183791606367592040e-03,nan,nan,nan,nan,nan,nan,nan,nan,nan,nan,nan,nan,nan,nan,nan,nan,nan,nan,nan,nan,3.068017366136033264e-02,nan,nan,nan,7.554269175108541123e-02,nan,-2.026049204052094051e-03,nan,9.580318379160637776e-02,nan,nan,nan,nan,nan,nan,nan,nan,nan,nan,nan,-2.315484804630973861e-03,nan,nan,-3.473227206946449732e-03,nan,nan,-3.183791606367569922e-03,nan,nan,2.026049204052116168e-03,nan,nan,nan,nan,nan,nan,8.683068017366114139e-03,nan,nan,nan,nan,nan
nan,nan,6.051873198847257385e-03,nan,nan,nan,nan,nan,nan,nan,nan,nan,nan,nan,nan,nan,nan,nan,nan,nan,nan,nan,nan,1.239193083573486565e-02,nan,nan,nan,7.838616714697406451e-02,nan,8.645533141210526296e-04,nan,7.233429394812677937e-02,nan,nan,nan,nan,nan,nan,nan,nan,nan,nan,nan,-5.763688760807017530e-04,nan,nan,0.000000000000000000e+00,nan,nan,0.000000000000000000e+00,nan,nan,8.069164265129668417e-03,nan,nan,nan,nan,nan,nan,8.933717579250721047e-03,nan,nan,nan,nan,nan
nan,nan,-2.295552367288400397e-03,nan,nan,nan,nan,nan,nan,nan,nan,nan,nan,nan,nan,nan,nan,nan,nan,nan,nan,nan,nan,4.390243902439021351e-02,nan,nan,nan,3.816355810616926802e-02,nan,-2.869440459110528144e-04,nan,9.784791965566710936e-02,nan,nan,nan,nan,nan,nan,nan,nan,nan,nan,nan,2.869440459110528144e-04,nan,nan,2.869440459110528144e-04,nan,nan,0.000000000000000000e+00,nan,nan,3.156384505021492433e-03,nan,nan,nan,nan,nan,nan,8.895265423242459599e-03,nan,nan,nan,nan,nan
nan,nan,3.994211287988425063e-02,nan,nan,nan,nan,nan,nan,nan,nan,nan,nan,nan,nan,nan,nan,nan,nan,nan,nan,nan,nan,4.225759768451522319e-02,nan,nan,nan,2.402315484804635679e-02,nan,2.894356005788711796e-03,nan,8.422575976845152190e-02,nan,nan,nan,nan,nan,nan,nan,nan,nan,nan,nan,1.447178002894378233e-03,nan,nan,5.788712011577601619e-04,nan,nan,-2.894356005788578548e-04,nan,nan,8.683068017366180058e-03,nan,nan,nan,nan,nan,nan,1.331403762662808354e-02,nan,nan,nan,nan,nan
nan,nan,-4.093567251461971250e-03,nan,nan,nan,nan,nan,nan,nan,nan,nan,nan,nan,nan,nan,nan,nan,nan,nan,nan,nan,nan,2.456140350877196107e-02,nan,nan,nan,7.485380116959065855e-02,nan,-1.461988304093519899e-03,nan,7.894736842105265495e-02,nan,nan,nan,nan,nan,nan,nan,nan,nan,nan,nan,-1.461988304093519899e-03,nan,nan,-2.923976608186773518e-04,nan,nan,0.000000000000000000e+00,nan,nan,nan,nan,nan,nan,nan,7.602339181286566112e-03,nan,-2.923976608186995780e-04,nan,nan,nan,nan,nan
nan,nan,1.625544267053704445e-02,nan,nan,nan,nan,nan,nan,nan,nan,nan,nan,nan,nan,nan,nan,nan,nan,nan,nan,nan,nan,nan,nan,nan,nan,3.483309143686504072e-02,nan,2.902757619739126721e-04,nan,-8.708272859216225487e-03,nan,nan,nan,nan,nan,nan,nan,nan,nan,nan,nan,1.161103047895562001e-03,nan,nan,-5.805515239477365480e-04,nan,nan,-8.708272859216048762e-04,nan,nan,6.966618287373061054e-03,nan,nan,nan,nan,1.044992743105952436e-02,nan,4.644412191582047642e-03,nan,nan,nan,nan,nan
nan,nan,1.414427157001396694e-03,nan,nan,nan,nan,nan,nan,nan,nan,nan,nan,nan,nan,nan,nan,nan,nan,nan,nan,nan,nan,4.526166902404522852e-02,nan,nan,nan,5.346534653465340181e-02,nan,-4.440892098500626408e-17,nan,1.355021216407354401e-01,nan,nan,nan,nan,nan,nan,nan,nan,nan,nan,nan,2.545968882602500649e-03,nan,nan,0.000000000000000000e+00,nan,nan,0.000000000000000000e+00,nan,nan,5.657708628005586778e-03,nan,nan,nan,nan,nan,nan,8.203677510608131662e-03,nan,nan,nan,nan,nan
nan,nan,1.683599419448476159e-02,nan,nan,nan,nan,nan,nan,nan,nan,nan,nan,nan,nan,nan,nan,nan,nan,nan,nan,nan,nan,3.860667634252541724e-02,nan,nan,nan,2.293178519593612810e-02,nan,0.000000000000000000e+00,nan,1.129172714078374301e-01,nan,nan,nan,nan,nan,nan,nan,nan,nan,nan,nan,-1.161103047895495431e-03,nan,nan,8.708272859216271023e-04,nan,nan,-1.161103047895473096e-03,nan,nan,5.224963715529762180e-03,nan,nan,nan,nan,nan,nan,8.127721335268511815e-03,nan,nan,nan,nan,nan
nan,nan,7.042253521126751181e-03,nan,nan,nan,nan,nan,nan,nan,nan,nan,nan,nan,nan,nan,nan,nan,nan,nan,nan,nan,nan,3.436619718309854438e-02,nan,nan,nan,7.183098591549290368e-02,nan,1.126760563380280232e-03,nan,1.830985915492955307e-02,nan,nan,nan,nan,nan,nan,nan,nan,nan,nan,nan,2.816901408450700581e-04,nan,nan,-5.633802816901401162e-04,nan,nan,1.408450704225350236e-03,nan,nan,nan,nan,nan,nan,nan,1.408450704225350236e-02,nan,6.478873239436610740e-03,nan,nan,nan,nan,nan
nan,nan,4.942857142857146752e-02,nan,nan,nan,nan,nan,nan,nan,nan,nan,nan,nan,nan,nan,nan,nan,nan,nan,nan,nan,nan,5.228571428571428953e-02,nan,nan,nan,4.000000000000047788e-03,nan,-8.571428571428451725e-04,nan,1.060000000000000248e-01,nan,nan,nan,nan,nan,nan,nan,nan,nan,nan,nan,1.428571428571445701e-03,nan,nan,0.000000000000000000e+00,nan,nan,0.000000000000000000e+00,nan,nan,1.028571428571429733e-02,nan,nan,nan,nan,nan,nan,6.000000000000005329e-03,nan,nan,nan,nan,nan
nan,nan,1.224489795918364335e-02,nan,nan,nan,nan,nan,nan,nan,nan,nan,nan,nan,nan,nan,nan,nan,nan,nan,nan,nan,nan,2.682215743440232586e-02,nan,nan,nan,6.851311953352770545e-02,nan,-1.457725947521870636e-03,nan,7.172011661807579930e-02,nan,nan,nan,nan,nan,nan,nan,nan,nan,nan,nan,-4.440892098500626408e-17,nan,nan,3.790087463556845830e-03,nan,nan,0.000000000000000000e+00,nan,nan,4.373177842565590008e-03,nan,nan,nan,nan,nan,nan,8.746355685131202568e-03,nan,nan,nan,nan,nan
nan,nan,1.609195402298848471e-02,nan,nan,nan,nan,nan,nan,nan,nan,nan,nan,nan,nan,nan,nan,nan,nan,nan,nan,nan,nan,5.028735632183904680e-02,nan,nan,nan,1.120689655172408747e-02,nan,6.896551724137922265e-03,nan,1.514367816091953534e-01,nan,nan,nan,nan,nan,nan,nan,nan,nan,nan,nan,6.034482758620662683e-03,nan,nan,-1.436781609195425481e-03,nan,nan,-2.220446049250313204e-17,nan,nan,8.908045977011447292e-03,nan,nan,nan,nan,nan,nan,8.045977011494209394e-03,nan,nan,nan,nan,nan
nan,nan,3.515850144092221019e-02,nan,nan,nan,nan,nan,nan,nan,nan,nan,nan,nan,nan,nan,nan,nan,nan,nan,nan,nan,nan,5.216138328530259965e-02,nan,nan,nan,3.688760806916426688e-02,nan,1.152737752161403506e-03,nan,9.769452449567725405e-02,nan,nan,nan,nan,nan,nan,nan,nan,nan,nan,nan,2.305475504322784894e-03,nan,nan,5.763688760807017530e-04,nan,nan,2.017291066282456136e-03,nan,nan,1.383285302593662003e-02,nan,nan,nan,nan,nan,nan,1.095100864553315637e-02,nan,nan,nan,nan,nan
nan,nan,5.856515373352966670e-04,nan,nan,nan,nan,nan,nan,nan,nan,nan,nan,nan,nan,nan,nan,nan,nan,nan,nan,nan,nan,5.007320644216690930e-02,nan,nan,nan,7.818448023426063931e-02,nan,-2.928257686676483335e-04,nan,1.089311859443631292e-01,nan,nan,nan,nan,nan,nan,nan,nan,nan,nan,nan,5.856515373352855214e-03,nan,nan,2.635431918008834893e-03,nan,nan,0.000000000000000000e+00,nan,nan,1.024890190336751397e-02,nan,nan,nan,nan,nan,nan,1.229868228404100775e-02,nan,nan,nan,nan,nan
nan,nan,2.039106145251396926e-02,nan,nan,nan,nan,nan,nan,nan,nan,nan,nan,nan,nan,nan,nan,nan,nan,nan,nan,nan,nan,3.324022346368715741e-02,nan,nan,nan,6.675977653631282038e-02,nan,4.469273743016755063e-03,nan,7.206703910614527253e-02,nan,nan,nan,nan,nan,nan,nan,nan,nan,nan,nan,5.027932960893877201e-03,nan,nan,2.793296089385499561e-04,nan,nan,1.675977653631299845e-03,nan,nan,3.910614525139677160e-03,nan,nan,nan,nan,nan,nan,8.100558659217904980e-03,nan,nan,nan,nan,nan
nan,nan,2.168330955777464375e-02,nan,nan,nan,nan,nan,nan,nan,nan,nan,nan,nan,nan,nan,nan,nan,nan,nan,nan,nan,nan,nan,nan,nan,nan,0.000000000000000000e+00,nan,3.138373751783185475e-03,nan,7.417974322396614535e-03,nan,nan,nan,nan,nan,nan,nan,nan,nan,nan,nan,2.853067047075619374e-03,nan,nan,2.567760342368074957e-03,nan,nan,-2.853067047075663718e-04,nan,nan,9.129814550641945220e-03,nan,nan,nan,nan,1.569186875891586189e-02,nan,7.132667617689048001e-03,nan,nan,nan,nan,nan
nan,nan,2.238163558106165407e-02,nan,nan,nan,nan,nan,nan,nan,nan,nan,nan,nan,nan,nan,nan,nan,nan,nan,nan,nan,nan,5.853658536585362032e-02,nan,nan,nan,4.131994261119076306e-02,nan,-2.869440459110972124e-04,nan,6.915351506456238195e-02,nan,nan,nan,nan,nan,nan,nan,nan,nan,nan,nan,3.730272596843575619e-03,nan,nan,-1.434720229555264126e-03,nan,nan,-1.434720229555264126e-03,nan,nan,9.469153515064521534e-03,nan,nan,nan,nan,nan,nan,8.034433285509279959e-03,nan,nan,nan,nan,nan
nan,nan,-2.601156069364107641e-03,nan,nan,nan,nan,nan,nan,nan,nan,nan,nan,nan,nan,nan,nan,nan,nan,nan,nan,nan,nan,2.138728323699425754e-02,nan,nan,nan,-5.202312138728282069e-03,nan,2.601156069364218663e-03,nan,1.138728323699422368e-01,nan,nan,nan,nan,nan,nan,nan,nan,nan,nan,nan,-1.156069364161815740e-03,nan,nan,-2.890173410404317631e-04,nan,nan,1.445086705202380806e-03,nan,nan,-8.670520231213619134e-04,nan,nan,nan,nan,nan,nan,1.156069364161882527e-03,nan,nan,nan,nan,nan
nan,nan,1.443001443001512606e-03,nan,nan,nan,nan,nan,nan,nan,nan,nan,nan,nan,nan,nan,nan,nan,nan,nan,nan,nan,nan,5.598845598845605259e-02,nan,nan,nan,4.617604617604622458e-02,nan,0.000000000000000000e+00,nan,9.350649350649356539e-02,nan,nan,nan,nan,nan,nan,nan,nan,nan,nan,nan,-1.443001443001401584e-03,nan,nan,2.886002886002936307e-03,nan,nan,1.154401154401174566e-03,nan,nan,1.443001443001490271e-03,nan,nan,nan,nan,nan,nan,5.483405483405512024e-03,nan,nan,nan,nan,nan
nan,nan,8.310249307479167583e-03,nan,nan,nan,nan,nan,nan,nan,nan,nan,nan,nan,nan,nan,nan,nan,nan,nan,nan,nan,nan,nan,nan,nan,nan,1.385041551246524172e-03,nan,2.770083102493048344e-03,nan,5.263157894736791680e-03,nan,nan,nan,nan,nan,nan,nan,nan,nan,nan,nan,5.540166204985874643e-04,nan,nan,0.000000000000000000e+00,nan,nan,8.310249307479144814e-04,nan,nan,-8.310249307479811599e-04,nan,nan,nan,nan,2.188365650969525955e-02,nan,2.216066481994416644e-03,nan,nan,nan,nan,nan
nan,nan,1.169590643274798312e-03,nan,nan,nan,nan,nan,nan,nan,nan,nan,nan,nan,nan,nan,nan,nan,nan,nan,nan,nan,nan,4.561403508771923881e-02,nan,nan,nan,5.146198830409352137e-02,nan,-2.923976608187217499e-04,nan,1.137426900584795064e-01,nan,nan,nan,nan,nan,nan,nan,nan,nan,nan,nan,5.847953216373991559e-04,nan,nan,5.847953216373991559e-04,nan,nan,2.923976608186995780e-04,nan,nan,7.017543859649100386e-03,nan,nan,nan,nan,nan,nan,9.649122807017507936e-03,nan,nan,nan,nan,nan
nan,nan,-2.366863905325500197e-03,nan,nan,nan,nan,nan,nan,nan,nan,nan,nan,nan,nan,nan,nan,nan,nan,nan,nan,nan,nan,4.911242603550292074e-02,nan,nan,nan,2.366863905325411292e-03,nan,-6.661338147750938996e-17,nan,1.035502958579880978e-01,nan,nan,nan,nan,nan,nan,nan,nan,nan,nan,nan,5.917159763312973119e-04,nan,nan,1.183431952662661411e-03,nan,nan,1.479289940828354410e-03,nan,nan,-1.183431952662772433e-03,nan,nan,nan,nan,nan,nan,8.875739644970371059e-03,nan,nan,nan,nan,nan
nan,nan,1.683599419448476159e-02,nan,nan,nan,nan,nan,nan,nan,nan,nan,nan,nan,nan,nan,nan,nan,nan,nan,nan,nan,nan,1.915820029027572730e-02,nan,nan,nan,5.486211901306241312e-02,nan,1.161103047895473096e-03,nan,1.140783744557329199e-01,nan,nan,nan,nan,nan,nan,nan,nan,nan,nan,nan,1.161103047895473096e-03,nan,nan,6.386066763425235493e-03,nan,nan,8.708272859216048762e-04,nan,nan,4.934687953555849833e-03,nan,nan,nan,nan,nan,nan,5.805515239477476719e-03,nan,nan,nan,nan,nan
nan,nan,8.547008547008294382e-04,nan,nan,nan,nan,nan,nan,nan,nan,nan,nan,nan,nan,nan,nan,nan,nan,nan,nan,nan,nan,2.735042735042731918e-02,nan,nan,nan,5.185185185185183648e-02,nan,-1.139601139601165115e-03,nan,1.136752136752136461e-01,nan,nan,nan,nan,nan,nan,nan,nan,nan,nan,nan,1.139601139601120663e-03,nan,nan,-8.547008547008738905e-04,nan,nan,0.000000000000000000e+00,nan,nan,1.737891737891734609e-02,nan,nan,nan,nan,nan,nan,7.692307692307664979e-03,nan,nan,nan,nan,nan
nan,nan,0.000000000000000000e+00,nan,nan,nan,nan,nan,nan,nan,nan,nan,nan,nan,nan,nan,nan,nan,nan,nan,nan,nan,nan,3.726884779516357465e-02,nan,nan,nan,6.372688477951635178e-02,nan,0.000000000000000000e+00,nan,8.449502133712660790e-02,nan,nan,nan,nan,nan,nan,nan,nan,nan,nan,nan,-2.844950213371255730e-03,nan,nan,2.844950213371167042e-04,nan,nan,0.000000000000000000e+00,nan,nan,3.982930298719789333e-03,nan,nan,nan,nan,nan,nan,5.974395448079627621e-03,nan,nan,nan,nan,nan
nan,nan,1.498559077809802353e-02,nan,nan,nan,nan,nan,nan,nan,nan,nan,nan,nan,nan,nan,nan,nan,nan,nan,nan,nan,nan,6.628242074927959138e-02,nan,nan,nan,3.314121037463979569e-02,nan,1.152737752161403506e-03,nan,1.144092219020173273e-01,nan,nan,nan,nan,nan,nan,nan,nan,nan,nan,nan,3.170028818443815406e-03,nan,nan,4.034582132564889720e-03,nan,nan,1.729106628242105259e-03,nan,nan,7.492795389049011767e-03,nan,nan,nan,nan,nan,nan,9.510086455331445351e-03,nan,nan,nan,nan,nan
nan,nan,1.325648414985589572e-02,nan,nan,nan,nan,nan,nan,nan,nan,nan,nan,nan,nan,nan,nan,nan,nan,nan,nan,nan,nan,4.726224783861669720e-02,nan,nan,nan,7.579250720461090662e-02,nan,-2.017291066282456136e-03,nan,2.420749279538900872e-02,nan,nan,nan,nan,nan,nan,nan,nan,nan,nan,nan,3.746397694524450372e-03,nan,nan,0.000000000000000000e+00,nan,nan,1.440922190201643360e-03,nan,nan,4.034582132564801249e-03,nan,nan,nan,nan,nan,nan,1.671469740634001777e-02,nan,nan,nan,nan,nan
nan,nan,-8.498583569404693627e-04,nan,nan,nan,nan,nan,nan,nan,nan,nan,nan,nan,nan,nan,nan,nan,nan,nan,nan,nan,nan,6.033994334277625882e-02,nan,nan,nan,1.614730878186976248e-02,nan,2.832861189802082791e-04,nan,1.243626062322946701e-01,nan,nan,nan,nan,nan,nan,nan,nan,nan,nan,nan,3.682719546742263539e-03,nan,nan,1.133144475920722094e-03,nan,nan,0.000000000000000000e+00,nan,nan,3.966005665722449267e-03,nan,nan,nan,nan,nan,nan,9.348441926345674516e-03,nan,nan,nan,nan,nan
nan,nan,5.421686746987930058e-03,nan,nan,nan,nan,nan,nan,nan,nan,nan,nan,nan,nan,nan,nan,nan,nan,nan,nan,nan,nan,3.403614457831327655e-02,nan,nan,nan,1.777108433734941872e-02,nan,0.000000000000000000e+00,nan,9.759036144578311922e-02,nan,nan,nan,nan,nan,nan,nan,nan,nan,nan,nan,-1.204819277108404351e-03,nan,nan,3.012048192771122007e-04,nan,nan,0.000000000000000000e+00,nan,nan,7.228915662650626031e-03,nan,nan,nan,nan,nan,nan,1.325301204819275859e-02,nan,nan,nan,nan,nan
nan,nan,2.806052269601095814e-02,nan,nan,nan,nan,nan,nan,nan,nan,nan,nan,nan,nan,nan,nan,nan,nan,nan,nan,nan,nan,3.273727647867948065e-02,nan,nan,nan,-1.100412654745564021e-03,nan,2.751031636863743085e-04,nan,1.103163686382392789e-01,nan,nan,nan,nan,nan,nan,nan,nan,nan,nan,nan,4.126547455295681739e-03,nan,nan,2.751031636863521365e-04,nan,nan,0.000000000000000000e+00,nan,nan,3.301237964236558489e-03,nan,nan,nan,nan,nan,nan,7.977991746905032863e-03,nan,nan,nan,nan,nan
nan,nan,5.397727272727204269e-03,nan,nan,nan,nan,nan,nan,nan,nan,nan,nan,nan,nan,nan,nan,nan,nan,nan,nan,nan,nan,7.670454545454496835e-03,nan,nan,nan,4.318181818181811987e-02,nan,8.522727272726848390e-04,nan,8.835227272727268211e-02,nan,nan,nan,nan,nan,nan,nan,nan,nan,nan,nan,-1.136363636363668618e-03,nan,nan,2.840909090909038513e-03,nan,nan,0.000000000000000000e+00,nan,nan,-2.840909090909615525e-04,nan,nan,nan,nan,nan,nan,5.965909090909016568e-03,nan,nan,nan,nan,nan
nan,nan,1.007194244604316981e-02,nan,nan,nan,nan,nan,nan,nan,nan,nan,nan,nan,nan,nan,nan,nan,nan,nan,nan,nan,nan,4.920863309352518922e-02,nan,nan,nan,5.812949640287769920e-02,nan,2.877697841726867484e-04,nan,5.179856115107914910e-02,nan,nan,nan,nan,nan,nan,nan,nan,nan,nan,nan,-2.877697841726645223e-04,nan,nan,-7.769784172661853630e-03,nan,nan,-2.302158273381316178e-03,nan,nan,-1.438848920863300494e-03,nan,nan,nan,nan,nan,nan,2.302158273381316178e-03,nan,nan,nan,nan,nan
nan,nan,4.329896907216494728e-02,nan,nan,nan,nan,nan,nan,nan,nan,nan,nan,nan,nan,nan,nan,nan,nan,nan,nan,nan,nan,nan,nan,nan,nan,0.000000000000000000e+00,nan,1.178203240058905976e-03,nan,2.945508100147264940e-04,nan,4.418262150220897411e-03,nan,nan,nan,nan,nan,nan,nan,nan,nan,8.836524300441794821e-04,nan,nan,8.836524300441794821e-04,nan,nan,0.000000000000000000e+00,nan,nan,5.891016200294529881e-03,nan,nan,nan,nan,nan,nan,1.001472754050070080e-02,nan,nan,nan,nan,nan
nan,nan,2.042042042042047090e-02,nan,nan,nan,nan,nan,nan,nan,nan,nan,nan,nan,nan,nan,nan,nan,nan,nan,nan,nan,nan,nan,nan,nan,nan,2.402402402402436989e-03,nan,-1.801801801801738946e-03,nan,-2.102102102102065741e-03,nan,nan,nan,nan,nan,nan,nan,nan,nan,nan,nan,2.102102102102154646e-03,nan,nan,-3.303303303303239784e-03,nan,nan,2.702702702702741884e-03,nan,nan,9.009009009009582691e-04,nan,nan,nan,nan,-1.201201201201129807e-03,nan,7.507507507507527392e-03,nan,nan,nan,nan,nan
nan,nan,5.240174672489117565e-03,nan,nan,nan,nan,nan,nan,nan,nan,nan,nan,nan,nan,nan,nan,nan,nan,nan,nan,nan,nan,2.707423580786028072e-02,nan,nan,nan,9.403202328966524248e-02,nan,-8.733624454148492412e-04,nan,7.569141193595343986e-02,nan,nan,nan,nan,nan,nan,nan,nan,nan,nan,nan,-2.620087336244569624e-03,nan,nan,1.164483260553161956e-03,nan,nan,0.000000000000000000e+00,nan,nan,5.240174672489095013e-03,nan,nan,nan,nan,nan,nan,1.106259097525472655e-02,nan,nan,nan,nan,nan
nan,nan,3.982930298719789333e-03,nan,nan,nan,nan,nan,nan,nan,nan,nan,nan,nan,nan,nan,nan,nan,nan,nan,nan,nan,nan,2.162162162162164364e-02,nan,nan,nan,5.149359886201991532e-02,nan,1.422475106685649983e-03,nan,7.368421052631582424e-02,nan,nan,nan,nan,nan,nan,nan,nan,nan,nan,nan,2.275960170697066774e-03,nan,nan,2.220446049250313204e-17,nan,nan,1.137980085348555504e-03,nan,nan,nan,nan,nan,nan,nan,3.982930298719811017e-03,nan,5.405405405405416981e-03,nan,nan,nan,nan,nan
nan,nan,1.156069364161846878e-02,nan,nan,nan,nan,nan,nan,nan,nan,nan,nan,nan,nan,nan,nan,nan,nan,nan,nan,nan,nan,4.075144508670518195e-02,nan,nan,nan,4.450867052023121939e-02,nan,2.890173410404317631e-04,nan,8.034682080924852865e-02,nan,nan,nan,nan,nan,nan,nan,nan,nan,nan,nan,-2.890173410404628471e-03,nan,nan,1.156069364161793622e-03,nan,nan,0.000000000000000000e+00,nan,nan,5.780346820808857523e-04,nan,nan,nan,nan,nan,nan,8.381502890173387135e-03,nan,nan,nan,nan,nan
