nan,nan,nan,nan,nan,nan,nan,nan,nan,nan,nan,nan,nan,nan,nan,nan,nan,nan,nan,nan,nan,nan,nan,nan,nan,nan,nan,nan,nan,nan,nan,nan,nan,nan,nan,nan,nan,nan,4.532163742690061004e-02,-8.187134502923919949e-03,2.777777777777779011e-02,nan,nan,nan,nan,nan,-1.520467836257304375e-02,6.432748538011745683e-03,nan,nan,nan,nan,nan,nan,1.040935672514620158e-01,7.046783625730998479e-02,nan,nan,nan,-1.552631578947368252e-01,nan,nan,-1.573099415204677887e-01,nan,2.456140350877198536e-02
nan,nan,nan,nan,nan,nan,nan,nan,nan,nan,nan,nan,nan,nan,nan,nan,nan,nan,nan,nan,nan,nan,nan,nan,nan,nan,nan,nan,nan,nan,nan,nan,nan,nan,nan,nan,nan,nan,-7.959479015918959066e-02,5.209840810419652697e-03,nan,nan,nan,nan,nan,3.473227206946438890e-03,-8.509406657018812881e-02,-6.946454413892909352e-02,nan,nan,nan,nan,nan,nan,nan,-2.518089725036180143e-02,nan,nan,nan,-2.199710564399421087e-01,nan,0.000000000000000000e+00,-2.367583212735166476e-01,nan,-1.013024602026050235e-02
nan,nan,nan,nan,nan,nan,nan,nan,nan,nan,nan,nan,nan,nan,nan,nan,nan,nan,nan,nan,nan,nan,nan,nan,nan,nan,nan,nan,nan,nan,nan,nan,nan,nan,nan,nan,nan,nan,1.904761904761909097e-02,-4.761904761904744987e-03,nan,nan,nan,nan,nan,1.488095238095243911e-02,3.571428571428580858e-03,nan,nan,nan,nan,nan,nan,nan,5.327380952380955659e-02,5.476190476190478940e-02,nan,nan,nan,-1.312499999999999778e-01,nan,0.000000000000000000e+00,-1.324404761904761640e-01,nan,3.422619047619050725e-02
nan,nan,nan,nan,nan,nan,nan,nan,nan,nan,nan,nan,nan,nan,nan,nan,nan,nan,nan,nan,nan,nan,nan,nan,nan,nan,nan,nan,nan,nan,nan,nan,nan,nan,nan,nan,nan,nan,2.303206997084543753e-02,nan,3.527696793002910169e-02,nan,nan,nan,nan,nan,6.122448979591754888e-03,1.137026239067049325e-02,nan,nan,nan,nan,nan,nan,4.081632653061220001e-02,4.139941690962092163e-02,nan,nan,nan,-1.475218658892128720e-01,nan,0.000000000000000000e+00,-1.428571428571429047e-01,nan,2.798833819241974830e-02
nan,nan,nan,nan,nan,nan,nan,nan,nan,nan,nan,nan,nan,nan,nan,nan,nan,nan,nan,nan,nan,nan,nan,nan,nan,nan,nan,nan,nan,nan,nan,nan,nan,nan,nan,nan,nan,nan,-4.046242774566488447e-03,-4.624277456647373982e-03,nan,nan,nan,nan,nan,1.092485549132947986e-01,2.254335260115605116e-02,nan,nan,nan,nan,1.196531791907514269e-01,nan,nan,3.034682080924855363e-02,4.046242774566475436e-02,nan,nan,nan,8.092485549132910974e-03,nan,nan,4.335260115606920372e-03,nan,5.491329479768780782e-03
nan,nan,nan,nan,nan,nan,nan,nan,nan,nan,nan,nan,nan,nan,nan,nan,nan,nan,nan,nan,nan,nan,nan,nan,nan,nan,nan,nan,nan,nan,nan,nan,nan,nan,nan,nan,nan,nan,1.649782923299560750e-02,nan,nan,nan,nan,nan,nan,3.091172214182343891e-01,8.075253256150502490e-02,-2.894356005788800809e-04,nan,nan,nan,2.946454413892908297e-01,nan,nan,nan,2.031837916063675420e-01,nan,nan,nan,1.360347322720691955e-02,nan,0.000000000000000000e+00,1.302460202604918162e-02,nan,-5.788712011577446144e-03
nan,nan,nan,nan,nan,nan,nan,nan,nan,nan,nan,nan,nan,nan,nan,nan,nan,nan,nan,nan,nan,nan,nan,nan,nan,nan,nan,nan,nan,nan,nan,nan,nan,nan,nan,nan,nan,nan,6.331360946745559493e-02,-2.278106508875743508e-02,nan,nan,nan,nan,nan,3.313609467455617963e-02,1.568047337278102166e-02,-1.331360946745563378e-02,nan,nan,nan,nan,nan,nan,7.189349112426031418e-02,7.248520710059166983e-02,nan,nan,nan,-1.254437869822485341e-01,nan,nan,-1.272189349112426426e-01,nan,4.023668639053250284e-02
nan,nan,nan,nan,nan,nan,nan,nan,nan,nan,nan,nan,nan,nan,nan,nan,nan,nan,nan,nan,nan,nan,nan,nan,nan,nan,nan,nan,nan,nan,nan,nan,nan,nan,nan,nan,nan,nan,2.532005689900422921e-02,nan,2.503556187766711044e-02,nan,nan,nan,nan,nan,-1.422475106685649983e-03,4.551920341393978289e-03,nan,nan,nan,nan,nan,nan,1.004267425320056056e-01,1.015647226173541362e-01,nan,nan,nan,-1.618776671408250767e-01,nan,0.000000000000000000e+00,-1.576102418207681877e-01,nan,1.678520625889044077e-02
nan,nan,nan,nan,nan,nan,nan,nan,nan,nan,nan,nan,nan,nan,nan,nan,nan,nan,nan,nan,nan,nan,nan,nan,nan,nan,nan,nan,nan,nan,nan,nan,nan,nan,nan,nan,nan,nan,4.040114613180519065e-02,nan,6.991404011461324619e-02,nan,nan,nan,nan,3.467048710601723649e-02,2.034383954154732679e-02,-1.318051575931229388e-02,nan,nan,nan,nan,nan,nan,8.968481375358169916e-02,9.054441260744990061e-02,nan,nan,nan,-1.048710601719197860e-01,nan,nan,-1.134670487106017173e-01,nan,5.329512893982808752e-02
nan,nan,nan,nan,nan,nan,nan,nan,nan,nan,nan,nan,nan,nan,nan,nan,nan,nan,nan,nan,nan,nan,nan,nan,nan,nan,nan,nan,nan,nan,nan,nan,nan,nan,nan,nan,nan,nan,-4.184704184704184093e-02,nan,nan,nan,nan,nan,nan,1.486291486291486108e-01,6.637806637806635546e-02,-3.636363636363637575e-02,nan,nan,nan,1.818181818181818232e-01,nan,nan,1.284271284271284730e-01,nan,nan,nan,nan,-7.272727272727275150e-02,nan,0.000000000000000000e+00,-7.705627705627708657e-02,nan,6.984126984126984294e-02
nan,nan,nan,nan,nan,nan,nan,nan,nan,nan,nan,nan,nan,nan,nan,nan,nan,nan,nan,nan,nan,nan,nan,nan,nan,nan,nan,nan,nan,nan,nan,nan,nan,nan,nan,nan,nan,nan,1.455604075691430219e-03,-9.024745269286737689e-03,nan,nan,nan,nan,nan,-1.630276564774382070e-02,-2.328966521106235008e-03,2.328966521106279244e-03,nan,nan,nan,nan,nan,nan,nan,5.909752547307135784e-02,nan,nan,nan,-1.397379912663755108e-01,nan,0.000000000000000000e+00,-1.700145560407569090e-01,nan,7.918486171761283943e-02
nan,nan,nan,nan,nan,nan,nan,nan,nan,nan,nan,nan,nan,nan,nan,nan,nan,nan,nan,nan,nan,nan,nan,nan,nan,nan,nan,nan,nan,nan,nan,nan,nan,nan,nan,nan,nan,nan,1.073446327683613699e-02,nan,5.564971751412426532e-02,nan,nan,nan,nan,7.175141242937850550e-02,1.610169491525421590e-02,2.259887005649696776e-03,nan,nan,nan,nan,nan,nan,9.406779661016946570e-02,9.548022598870054001e-02,nan,nan,nan,-1.412429378531077084e-02,nan,nan,-1.610169491525426100e-02,nan,7.259887005649715008e-02
nan,nan,nan,nan,nan,nan,nan,nan,nan,nan,nan,nan,nan,nan,nan,nan,nan,nan,nan,nan,nan,nan,nan,nan,nan,nan,nan,nan,nan,nan,nan,nan,nan,nan,nan,nan,nan,nan,-1.137980085348466817e-03,nan,nan,nan,nan,nan,nan,nan,nan,nan,nan,nan,nan,nan,nan,nan,-4.267425320056861260e-03,-3.982930298719722546e-03,2.588904694167852918e-02,nan,nan,-2.275960170696999987e-03,2.162162162162164364e-02,0.000000000000000000e+00,-1.706970128022722343e-03,2.560455192034143471e-02,-5.689900426742444672e-03
nan,nan,nan,nan,nan,nan,nan,nan,nan,nan,nan,nan,nan,nan,nan,nan,nan,nan,nan,nan,nan,nan,nan,nan,nan,nan,nan,nan,nan,nan,nan,nan,nan,nan,nan,nan,nan,nan,7.032348804500676911e-03,-2.250351617440249363e-03,1.184247538677918044e-01,nan,nan,nan,nan,nan,3.094233473980279123e-03,3.938115330520375670e-03,nan,nan,nan,nan,nan,nan,1.341772151898734111e-01,nan,nan,nan,nan,-1.530239099859353191e-01,nan,0.000000000000000000e+00,-1.513361462728551321e-01,nan,6.441631504922643026e-02
nan,nan,nan,nan,nan,nan,nan,nan,nan,nan,nan,nan,nan,nan,nan,nan,nan,nan,nan,nan,nan,nan,nan,nan,nan,nan,nan,nan,nan,nan,nan,nan,nan,nan,nan,nan,nan,nan,-2.086438152011882603e-03,nan,1.967213114754102696e-02,nan,nan,nan,nan,7.749627421758620467e-03,4.769001490312984801e-03,2.682563338301102631e-03,nan,nan,nan,nan,nan,nan,nan,9.895678092399408377e-02,nan,nan,nan,-1.198211624441132273e-01,nan,0.000000000000000000e+00,-1.269746646795826828e-01,nan,1.490312965722806471e-02
nan,nan,nan,nan,nan,nan,nan,nan,nan,nan,nan,nan,nan,nan,nan,nan,nan,nan,nan,nan,nan,nan,nan,nan,nan,nan,nan,nan,nan,nan,nan,nan,nan,nan,nan,nan,nan,nan,2.411764705882348675e-02,nan,5.529411764705880611e-02,nan,nan,nan,nan,nan,1.058823529411761014e-02,1.382352941176467898e-02,nan,nan,nan,nan,nan,nan,1.114705882352940713e-01,1.485294117647058543e-01,nan,nan,nan,-9.588235294117648799e-02,nan,0.000000000000000000e+00,-9.764705882352942012e-02,nan,2.852941176470584830e-02
nan,nan,nan,nan,nan,nan,nan,nan,nan,nan,nan,nan,nan,nan,nan,nan,nan,nan,nan,nan,nan,nan,nan,nan,nan,nan,nan,nan,nan,nan,nan,nan,nan,nan,nan,nan,nan,nan,1.625544267053700281e-02,nan,8.185776487663280754e-02,nan,nan,nan,nan,7.808417997097241714e-02,5.137880986937592986e-02,-1.741654571843254205e-03,nan,nan,nan,nan,nan,nan,1.100145137880987056e-01,1.175616835994194309e-01,nan,nan,nan,-4.092888243831640377e-02,nan,nan,-4.760522496371553253e-02,nan,5.689404934687954107e-02
nan,nan,nan,nan,nan,nan,nan,nan,nan,nan,nan,nan,nan,nan,nan,nan,nan,nan,nan,nan,nan,nan,nan,nan,nan,nan,nan,nan,nan,nan,nan,nan,nan,nan,nan,nan,nan,nan,2.040816326530614511e-02,nan,nan,nan,nan,nan,nan,nan,1.341107871720119762e-02,-9.620991253644305824e-03,nan,nan,nan,8.862973760932948974e-02,nan,nan,1.206997084548105253e-01,1.271137026239067269e-01,nan,nan,nan,-4.664723032069970771e-02,nan,0.000000000000000000e+00,-4.285714285714279509e-02,nan,2.448979591836737343e-02
nan,nan,nan,nan,nan,nan,nan,nan,nan,nan,nan,nan,nan,nan,nan,nan,nan,nan,nan,nan,nan,nan,nan,nan,nan,nan,nan,nan,nan,nan,nan,nan,nan,nan,nan,nan,nan,nan,3.720930232558135320e-02,nan,5.581395348837207837e-02,nan,nan,nan,nan,nan,1.162790697674398422e-03,9.883720930232464327e-03,nan,nan,nan,nan,nan,nan,9.302325581395340381e-02,1.113372093023255183e-01,nan,nan,nan,-1.468023255813953876e-01,nan,0.000000000000000000e+00,-1.494186046511628285e-01,nan,2.122093023255806551e-02
nan,nan,nan,nan,nan,nan,nan,nan,nan,nan,nan,nan,nan,nan,nan,nan,nan,nan,nan,nan,nan,nan,nan,nan,nan,nan,nan,nan,nan,nan,nan,nan,nan,nan,nan,nan,nan,nan,2.873563218390784609e-03,-2.873563218390495560e-04,nan,nan,nan,nan,nan,2.241379310344828596e-02,1.091954022988508334e-02,-8.620689655172375726e-04,nan,nan,nan,1.379310344827588963e-02,nan,nan,nan,nan,nan,nan,nan,-1.525862068965517238e-01,nan,0.000000000000000000e+00,-1.580459770114942541e-01,nan,6.321839080459757017e-03
nan,nan,nan,nan,nan,nan,nan,nan,nan,nan,nan,nan,nan,nan,nan,nan,nan,nan,nan,nan,nan,nan,nan,nan,nan,nan,nan,nan,nan,nan,nan,nan,nan,nan,nan,nan,nan,nan,4.104803493449784429e-02,nan,1.301310043668122418e-01,nan,nan,nan,nan,1.423580786026201195e-01,1.152838427947598249e-01,-1.484716157205237010e-02,nan,nan,nan,nan,nan,nan,1.700145560407569367e-01,1.682678311499272716e-01,nan,nan,nan,-6.200873362445411680e-02,nan,nan,-6.113537117903926343e-02,nan,1.030567685589519611e-01
nan,nan,nan,nan,nan,nan,nan,nan,nan,nan,nan,nan,nan,nan,nan,nan,nan,nan,nan,nan,nan,nan,nan,nan,nan,nan,nan,nan,nan,nan,nan,nan,nan,nan,nan,nan,nan,nan,-4.705882352941159578e-03,nan,nan,nan,nan,nan,nan,8.441176470588236669e-02,3.941176470588232672e-02,-4.705882352941159578e-03,nan,nan,nan,1.026470588235293968e-01,nan,nan,7.147058823529413296e-02,6.852941176470583873e-02,nan,nan,nan,-1.794117647058825898e-02,nan,nan,-2.264705882352944372e-02,nan,2.941176470588224845e-03
nan,nan,nan,nan,nan,nan,nan,nan,nan,nan,nan,nan,nan,nan,nan,nan,nan,nan,nan,nan,nan,nan,nan,nan,nan,nan,nan,nan,nan,nan,nan,nan,nan,nan,nan,nan,nan,nan,2.126436781609195720e-02,-3.160919540229833839e-03,nan,nan,nan,nan,nan,nan,8.620689655172597988e-04,1.465517241379315008e-02,nan,nan,nan,nan,nan,nan,6.436781609195404985e-02,4.683908045977014378e-02,nan,nan,nan,-1.408045977011493921e-01,nan,0.000000000000000000e+00,-1.327586206896551602e-01,nan,1.609195402298852981e-02
nan,nan,nan,nan,nan,nan,nan,nan,nan,nan,nan,nan,nan,nan,nan,nan,nan,nan,nan,nan,nan,nan,nan,nan,nan,nan,nan,nan,nan,nan,nan,nan,nan,nan,nan,nan,nan,nan,2.076813655761018326e-02,nan,nan,nan,nan,nan,nan,2.247510668563295136e-02,8.534850640113278864e-04,6.827880512090956158e-03,nan,nan,nan,nan,nan,nan,1.669985775248932769e-01,1.974395448079658277e-01,nan,nan,nan,-9.331436699857756367e-02,nan,0.000000000000000000e+00,-9.701280227596023598e-02,nan,1.536273115220478970e-02
nan,nan,nan,nan,nan,nan,nan,nan,nan,nan,nan,nan,nan,nan,nan,nan,nan,nan,nan,nan,nan,nan,nan,nan,nan,nan,nan,nan,nan,nan,nan,nan,nan,nan,nan,nan,nan,nan,-2.312138728323676149e-03,nan,nan,nan,nan,nan,nan,nan,nan,nan,nan,nan,nan,nan,nan,nan,-9.248554913294793067e-03,-8.381502890173387135e-03,4.017341040462429902e-02,nan,nan,-4.335260115606920372e-03,3.208092485549138978e-02,0.000000000000000000e+00,-1.734104046242768062e-03,3.757225433526010377e-02,-8.381502890173387135e-03
nan,nan,nan,nan,nan,nan,nan,nan,nan,nan,nan,nan,nan,nan,nan,nan,nan,nan,nan,nan,nan,nan,nan,nan,nan,nan,nan,nan,nan,nan,nan,nan,nan,nan,nan,nan,nan,nan,-2.117310443490699745e-02,-1.144492131616594612e-02,nan,nan,nan,-2.174535050071528877e-02,nan,-5.722460658082906704e-04,-9.470672389127322843e-02,-4.749642346208869659e-02,nan,nan,nan,2.861230329041730908e-04,nan,nan,nan,nan,nan,nan,nan,-1.982832618025751059e-01,nan,nan,-1.942775393419170216e-01,nan,5.722460658083127882e-04
nan,nan,nan,nan,nan,nan,nan,nan,nan,nan,nan,nan,nan,nan,nan,nan,nan,nan,nan,nan,nan,nan,nan,nan,nan,nan,nan,nan,nan,nan,nan,nan,nan,nan,nan,nan,nan,nan,1.515601783060918119e-02,-2.496285289747401936e-02,nan,nan,nan,nan,nan,4.101040118870724616e-02,9.806835066864772257e-03,-1.158989598811290857e-02,nan,nan,nan,nan,nan,nan,1.741456166419019236e-01,1.714710252600297191e-01,nan,nan,nan,-1.185735512630015087e-01,nan,nan,-1.218424962852897586e-01,nan,4.309063893016340518e-02
nan,nan,nan,nan,nan,nan,nan,nan,nan,nan,nan,nan,nan,nan,nan,nan,nan,nan,nan,nan,nan,nan,nan,nan,nan,nan,nan,nan,nan,nan,nan,nan,nan,nan,nan,nan,nan,nan,2.475660639777468169e-02,8.344923504867817875e-04,3.337969401947138426e-03,nan,nan,nan,nan,2.030598052851181196e-02,4.728789986091786086e-03,-2.225312934631440507e-03,nan,nan,nan,nan,nan,nan,nan,nan,nan,nan,nan,-1.376912378303198903e-01,nan,0.000000000000000000e+00,-1.713490959666203184e-01,nan,6.675938803894299403e-03
nan,nan,nan,nan,nan,nan,nan,nan,nan,nan,nan,nan,nan,nan,nan,nan,nan,nan,nan,nan,nan,nan,nan,nan,nan,nan,nan,nan,nan,nan,nan,nan,nan,nan,nan,nan,nan,nan,1.257142857142858929e-02,nan,6.085714285714292210e-02,nan,nan,nan,nan,5.400000000000002714e-02,1.628571428571432694e-02,5.714285714285783019e-04,nan,nan,nan,nan,nan,nan,1.000000000000000194e-01,9.571428571428571008e-02,nan,nan,nan,-2.828571428571424740e-02,nan,nan,-2.942857142857138036e-02,nan,2.028571428571433050e-02
nan,nan,nan,nan,nan,nan,nan,nan,nan,nan,nan,nan,nan,nan,nan,nan,nan,nan,nan,nan,nan,nan,nan,nan,nan,nan,nan,nan,nan,nan,nan,nan,nan,nan,nan,nan,nan,nan,9.495548961424304241e-03,-8.902077151335351796e-03,1.008902077151332434e-02,nan,nan,nan,nan,4.065281899109789154e-02,-1.632047477744809003e-02,5.934718100890190584e-03,nan,nan,nan,nan,nan,nan,nan,nan,nan,nan,nan,-1.370919881305638355e-01,nan,0.000000000000000000e+00,-1.646884272997033161e-01,nan,1.454005934718097769e-02
nan,nan,nan,nan,nan,nan,nan,nan,nan,nan,nan,nan,nan,nan,nan,nan,nan,nan,nan,nan,nan,nan,nan,nan,nan,nan,nan,nan,nan,nan,nan,nan,nan,nan,nan,nan,nan,nan,2.196531791907516823e-02,nan,2.283236994219657243e-02,nan,nan,nan,nan,nan,4.913294797687916930e-03,8.959537572254362009e-03,nan,nan,nan,nan,nan,nan,1.002890173410404956e-01,1.011560693641619102e-01,nan,nan,nan,-1.595375722543352359e-01,nan,0.000000000000000000e+00,-1.777456647398843737e-01,nan,-8.670520231213619134e-04
nan,nan,nan,nan,nan,nan,nan,nan,nan,nan,nan,nan,nan,nan,nan,nan,nan,nan,nan,nan,nan,nan,nan,nan,nan,nan,nan,nan,nan,nan,nan,nan,nan,nan,nan,nan,nan,nan,-5.413105413105415847e-02,-5.698005698005714987e-04,nan,nan,nan,nan,nan,-1.709401709401703329e-03,-7.122507122507124033e-02,-1.880341880341881294e-02,nan,nan,nan,nan,nan,nan,nan,-1.481481481481482579e-02,nan,nan,nan,-2.247863247863248204e-01,nan,0.000000000000000000e+00,-2.321937321937321830e-01,nan,-3.418803418803417933e-03
nan,nan,nan,nan,nan,nan,nan,nan,nan,nan,nan,nan,nan,nan,nan,nan,nan,nan,nan,nan,nan,nan,nan,nan,nan,nan,nan,nan,nan,nan,nan,nan,nan,nan,nan,nan,nan,nan,3.769784172661864996e-02,nan,nan,nan,nan,nan,nan,7.223021582733810120e-02,2.848920863309347545e-02,1.323741007194236853e-02,nan,nan,nan,nan,nan,nan,1.087769784172661069e-01,1.341007194244603906e-01,nan,nan,nan,-6.820143884892090891e-02,nan,0.000000000000000000e+00,-7.309352517985612252e-02,nan,2.964028776978413354e-02
nan,nan,nan,nan,nan,nan,nan,nan,nan,nan,nan,nan,nan,nan,nan,nan,nan,nan,nan,nan,nan,nan,nan,nan,nan,nan,nan,nan,nan,nan,nan,nan,nan,nan,nan,nan,nan,nan,5.923836389280667629e-03,nan,nan,nan,nan,nan,nan,1.156558533145274348e-01,1.861777150916781379e-02,4.513399153737651485e-03,nan,nan,nan,1.173483779971790514e-01,nan,nan,2.369534555712267052e-02,2.510578279266568666e-02,nan,nan,nan,1.241184767277854137e-02,nan,nan,9.308885754583906894e-03,nan,1.495063469675597147e-02
nan,nan,nan,nan,nan,nan,nan,nan,nan,nan,nan,nan,nan,nan,nan,nan,nan,nan,nan,nan,nan,nan,nan,nan,nan,nan,nan,nan,nan,nan,nan,nan,nan,nan,nan,nan,nan,nan,2.017291066282418319e-02,nan,1.340057636887607984e-01,nan,nan,nan,nan,2.172910662824207306e-01,1.587896253602305296e-01,-1.440922190201732265e-03,nan,nan,nan,2.155619596541786809e-01,nan,nan,nan,nan,nan,nan,nan,-2.881844380403464530e-03,nan,0.000000000000000000e+00,-9.221902017291117026e-03,nan,1.002881844380403287e-01
nan,nan,nan,nan,nan,nan,nan,nan,nan,nan,nan,nan,nan,nan,nan,nan,nan,nan,nan,nan,nan,nan,nan,nan,nan,nan,nan,nan,nan,nan,nan,nan,nan,nan,nan,nan,nan,nan,2.306569343065694236e-02,1.459854014598538320e-03,nan,nan,nan,nan,nan,nan,2.043795620437926890e-03,1.255474452554743506e-02,nan,nan,nan,nan,nan,nan,9.255474452554741938e-02,9.138686131386858369e-02,nan,nan,nan,-1.842335766423357779e-01,nan,0.000000000000000000e+00,-1.719708029197080656e-01,nan,7.591240875912408544e-03
nan,nan,nan,nan,nan,nan,nan,nan,nan,nan,nan,nan,nan,nan,nan,nan,nan,nan,nan,nan,nan,nan,nan,nan,nan,nan,nan,nan,nan,nan,nan,nan,nan,nan,nan,nan,nan,nan,4.978902953586494817e-02,nan,3.094233473980303323e-02,nan,nan,nan,nan,nan,3.938115330520330568e-03,1.012658227848095560e-02,nan,nan,nan,nan,nan,nan,4.613220815752457071e-02,4.219409282700418984e-02,nan,nan,nan,-1.552742616033755962e-01,nan,0.000000000000000000e+00,-1.569620253164557555e-01,nan,2.475386779184240993e-02
nan,nan,nan,nan,nan,nan,nan,nan,nan,nan,nan,nan,nan,nan,nan,nan,nan,nan,nan,nan,nan,nan,nan,nan,nan,nan,nan,nan,nan,nan,nan,nan,nan,nan,nan,nan,nan,nan,2.439759036144584226e-02,-5.722891566264998349e-03,1.626506024096390293e-02,nan,nan,nan,nan,5.421686746988019397e-03,3.012048192771565988e-04,5.722891566265131055e-03,nan,nan,nan,nan,nan,nan,nan,1.153614457831325935e-01,nan,nan,nan,-1.557228915662650093e-01,nan,nan,-1.542168674698794484e-01,nan,1.536144578313256535e-02
nan,nan,nan,nan,nan,nan,nan,nan,nan,nan,nan,nan,nan,nan,nan,nan,nan,nan,nan,nan,nan,nan,nan,nan,nan,nan,nan,nan,nan,nan,nan,nan,nan,nan,nan,nan,nan,nan,1.280931586608443674e-02,2.620087336244547507e-03,9.315866084425038912e-03,nan,nan,nan,nan,2.125181950509462750e-02,-1.397379912663754276e-02,1.746724890829698482e-03,nan,nan,nan,nan,nan,nan,nan,nan,nan,nan,nan,-1.915574963609898151e-01,nan,0.000000000000000000e+00,-2.002911208151382516e-01,nan,1.572052401746724254e-02
nan,nan,nan,nan,nan,nan,nan,nan,nan,nan,nan,nan,nan,nan,nan,nan,nan,nan,nan,nan,nan,nan,nan,nan,nan,nan,nan,nan,nan,nan,nan,nan,nan,nan,nan,nan,nan,nan,2.707423580786021480e-02,nan,6.142649199417755945e-02,nan,nan,nan,nan,nan,7.860262008733576167e-03,1.310043668122264950e-02,nan,nan,nan,nan,nan,nan,1.356622998544395331e-01,1.516739446870450647e-01,nan,nan,nan,-1.042212518195051452e-01,nan,0.000000000000000000e+00,-1.062590975254731063e-01,nan,3.871906841339149696e-02
nan,nan,nan,nan,nan,nan,nan,nan,nan,nan,nan,nan,nan,nan,nan,nan,nan,nan,nan,nan,nan,nan,nan,nan,nan,nan,nan,nan,nan,nan,nan,nan,nan,nan,nan,nan,nan,nan,1.626248216833099322e-02,nan,nan,nan,nan,nan,nan,2.967189728958632283e-02,1.483594864479316142e-02,-7.132667617689003765e-03,nan,nan,nan,nan,nan,nan,1.389443651925820755e-01,1.409415121255349901e-01,nan,nan,nan,-1.283880171184022534e-01,nan,0.000000000000000000e+00,-1.343794579172610526e-01,nan,3.623395149786021868e-02
nan,nan,nan,nan,nan,nan,nan,nan,nan,nan,nan,nan,nan,nan,nan,nan,nan,nan,nan,nan,nan,nan,nan,nan,nan,nan,nan,nan,nan,nan,nan,nan,nan,nan,nan,nan,nan,nan,2.664714494875550926e-02,nan,nan,nan,nan,nan,nan,3.308931185944363751e-02,1.756954612005858646e-02,-2.049780380673493774e-03,nan,nan,nan,nan,nan,nan,6.295754026354319355e-02,6.471449487554906121e-02,nan,nan,nan,-1.118594436310395013e-01,nan,0.000000000000000000e+00,-1.101024890190336752e-01,nan,1.727672035139093953e-02
nan,nan,nan,nan,nan,nan,nan,nan,nan,nan,nan,nan,nan,nan,nan,nan,nan,nan,nan,nan,nan,nan,nan,nan,nan,nan,nan,nan,nan,nan,nan,nan,nan,nan,nan,nan,nan,nan,-5.961002785515319424e-02,1.114206128133732321e-03,-7.520891364902482397e-03,nan,nan,nan,nan,nan,-1.089136490250695866e-01,-2.701949860724232183e-02,nan,nan,nan,6.963788300835660472e-03,nan,nan,nan,nan,nan,nan,nan,-2.125348189415041666e-01,nan,0.000000000000000000e+00,-2.334261838440111203e-01,nan,5.849582172701961111e-03
nan,nan,nan,nan,nan,nan,nan,nan,nan,nan,nan,nan,nan,nan,nan,nan,nan,nan,nan,nan,nan,nan,nan,nan,nan,nan,nan,nan,nan,nan,nan,nan,nan,nan,nan,nan,nan,nan,2.312138728323696185e-02,-4.855491329479773299e-02,nan,nan,nan,nan,nan,4.104046242774561648e-02,1.589595375722541171e-02,-1.011560693641624410e-02,nan,nan,nan,nan,nan,nan,1.716763005780346241e-01,1.696531791907514020e-01,nan,nan,nan,-1.078034682080925288e-01,nan,nan,-1.066473988439307075e-01,nan,4.624277456647394452e-02
nan,nan,nan,nan,nan,nan,nan,nan,nan,nan,nan,nan,nan,nan,nan,nan,nan,nan,nan,nan,nan,nan,nan,nan,nan,nan,nan,nan,nan,nan,nan,nan,nan,nan,nan,nan,nan,nan,2.485549132947979453e-02,nan,2.947976878612717025e-02,nan,nan,nan,nan,nan,-5.780346820808857523e-04,-2.601156069364152310e-03,nan,nan,nan,nan,nan,nan,4.132947976878613427e-02,4.046242774566477518e-02,nan,nan,nan,-1.393063583815028761e-01,nan,0.000000000000000000e+00,-1.341040462427745550e-01,nan,3.236994219653181737e-02
nan,nan,nan,nan,nan,nan,nan,nan,nan,nan,nan,nan,nan,nan,nan,nan,nan,nan,nan,nan,nan,nan,nan,nan,nan,nan,nan,nan,nan,nan,nan,nan,nan,nan,nan,nan,nan,nan,2.590975254730711747e-02,nan,nan,nan,nan,nan,nan,3.173216885007279497e-02,-2.328966521106235008e-03,3.202328966521106150e-03,nan,nan,nan,nan,nan,nan,6.259097525473071577e-02,7.336244541484715498e-02,nan,nan,nan,-1.307132459970887783e-01,nan,0.000000000000000000e+00,-1.382823871906841418e-01,nan,3.522561863173219454e-02
nan,nan,nan,nan,nan,nan,nan,nan,nan,nan,nan,nan,nan,nan,nan,nan,nan,nan,nan,nan,nan,nan,nan,nan,nan,nan,nan,nan,nan,nan,nan,nan,nan,nan,nan,nan,nan,nan,5.618631732168855031e-02,nan,5.007278020378460454e-02,nan,nan,nan,nan,nan,5.531295487627407512e-03,6.986899563318838165e-03,nan,nan,nan,nan,nan,nan,1.697234352256186685e-01,1.371179039301310687e-01,nan,nan,nan,-1.187772925764191828e-01,nan,0.000000000000000000e+00,-1.152838427947597555e-01,nan,2.532751091703060523e-02
nan,nan,nan,nan,nan,nan,nan,nan,nan,nan,nan,nan,nan,nan,nan,nan,nan,nan,nan,nan,nan,nan,nan,nan,nan,nan,nan,nan,nan,nan,nan,nan,nan,nan,nan,nan,nan,nan,4.577259475218662527e-02,nan,nan,nan,nan,nan,nan,nan,-8.746355685130824398e-04,-2.915451895043385871e-04,nan,nan,nan,6.268221574344026714e-02,nan,nan,7.084548104956267522e-02,7.376093294460646377e-02,nan,nan,nan,-1.005830903790086994e-01,nan,0.000000000000000000e+00,-1.029154518950437247e-01,nan,4.460641399416916120e-02
nan,nan,nan,nan,nan,nan,nan,nan,nan,nan,nan,nan,nan,nan,nan,nan,nan,nan,nan,nan,nan,nan,nan,nan,nan,nan,nan,nan,nan,nan,nan,nan,nan,nan,nan,nan,nan,nan,6.859623733719244498e-02,nan,nan,nan,nan,nan,nan,1.186685962373371928e-01,6.136034732272066528e-02,3.473227206946405497e-03,nan,nan,nan,nan,nan,nan,1.461649782923299390e-01,1.481910274963820218e-01,nan,nan,nan,-2.865412445730826027e-02,nan,0.000000000000000000e+00,-3.068017366136035345e-02,nan,5.875542691751083069e-02
nan,nan,nan,nan,nan,nan,nan,nan,nan,nan,nan,nan,nan,nan,nan,nan,nan,nan,nan,nan,nan,nan,nan,nan,nan,nan,nan,nan,nan,nan,nan,nan,nan,nan,nan,nan,nan,nan,2.433234421364987091e-02,nan,nan,nan,nan,nan,nan,3.501483679525223269e-02,1.691394658753715349e-02,-4.154302670623133756e-03,nan,nan,nan,nan,nan,nan,1.264094955489614702e-01,1.231454005934718293e-01,nan,nan,nan,-1.249258160237388393e-01,nan,0.000000000000000000e+00,-1.335311572700296212e-01,nan,4.065281899109794012e-02
nan,nan,nan,nan,nan,nan,nan,nan,nan,nan,nan,nan,nan,nan,nan,nan,nan,nan,nan,nan,nan,nan,nan,nan,nan,nan,nan,nan,nan,nan,nan,nan,nan,nan,nan,nan,nan,nan,2.443438914027151743e-02,nan,nan,nan,nan,nan,nan,3.559577677224736586e-02,8.748114630467585667e-03,6.033182503770717631e-04,nan,nan,nan,nan,nan,nan,6.606334841628958010e-02,6.606334841628958010e-02,nan,nan,nan,-1.260935143288084426e-01,nan,0.000000000000000000e+00,-1.306184012066364808e-01,nan,2.171945701357469449e-02
nan,nan,nan,nan,nan,nan,nan,nan,nan,nan,nan,nan,nan,nan,nan,nan,nan,nan,nan,nan,nan,nan,nan,nan,nan,nan,nan,nan,nan,nan,nan,nan,nan,nan,nan,nan,nan,nan,-2.220446049250313204e-17,nan,nan,nan,nan,nan,nan,-4.329004329004404461e-03,2.886002886002492435e-04,0.000000000000000000e+00,nan,nan,nan,nan,nan,nan,nan,nan,2.251082251082246050e-02,nan,nan,5.772005772005428309e-04,2.077922077922074104e-02,nan,1.154401154401085662e-03,2.337662337662331849e-02,-4.329004329004404461e-03
nan,nan,nan,nan,nan,nan,nan,nan,nan,nan,nan,nan,nan,nan,nan,nan,nan,nan,nan,nan,nan,nan,nan,nan,nan,nan,nan,nan,nan,nan,nan,nan,nan,nan,nan,nan,nan,nan,4.291845493562251694e-03,nan,-2.575107296137302271e-03,nan,nan,nan,nan,-9.728183118741063479e-03,-5.722460658082572770e-04,9.728183118741063479e-03,nan,nan,nan,nan,nan,nan,nan,nan,nan,nan,nan,-8.583690987124460020e-03,1.668097281831187884e-01,nan,-8.297567954220274461e-03,1.819742489270386454e-01,-1.602288984263229230e-02
nan,nan,nan,nan,nan,nan,nan,nan,nan,nan,nan,nan,nan,nan,nan,nan,nan,nan,nan,nan,nan,nan,nan,nan,nan,nan,nan,nan,nan,nan,nan,nan,nan,nan,nan,nan,nan,nan,1.485714285714287951e-02,nan,nan,nan,nan,nan,nan,3.171428571428573651e-02,1.485714285714285696e-02,-1.428571428571423583e-03,nan,nan,nan,nan,nan,nan,1.237142857142857350e-01,8.600000000000000699e-02,nan,nan,nan,-1.077142857142856930e-01,nan,0.000000000000000000e+00,-1.068571428571428450e-01,nan,4.142857142857143959e-02
nan,nan,nan,nan,nan,nan,nan,nan,nan,nan,nan,nan,nan,nan,nan,nan,nan,nan,nan,nan,nan,nan,nan,nan,nan,nan,nan,nan,nan,nan,nan,nan,nan,nan,nan,nan,nan,nan,4.899135446685898114e-03,nan,1.008645533141212455e-02,nan,nan,nan,nan,3.631123919308361370e-02,-3.458213256484121614e-03,nan,nan,nan,nan,4.351585014409224683e-02,nan,nan,3.054755043227668290e-02,2.708933717579251749e-02,nan,nan,nan,-2.881844380403441978e-03,nan,nan,-1.440922190201709930e-03,nan,-6.916426512968287463e-03
nan,nan,nan,nan,nan,nan,nan,nan,nan,nan,nan,nan,nan,nan,nan,nan,nan,nan,nan,nan,nan,nan,nan,nan,nan,nan,nan,nan,nan,nan,nan,nan,nan,nan,nan,nan,nan,nan,5.847457627118637230e-02,nan,nan,nan,nan,nan,nan,nan,5.649717514123909091e-04,3.954802259886936074e-03,nan,nan,nan,5.028248587570614131e-02,nan,nan,7.514124293785304221e-02,1.033898305084745284e-01,nan,nan,nan,-1.062146892655367603e-01,nan,0.000000000000000000e+00,-1.155367231638418646e-01,nan,2.655367231638412415e-02
nan,nan,nan,nan,nan,nan,nan,nan,nan,nan,nan,nan,nan,nan,nan,nan,nan,nan,nan,nan,nan,nan,nan,nan,nan,nan,nan,nan,nan,nan,nan,nan,nan,nan,nan,nan,nan,nan,-3.503649635036520937e-03,-2.335766423357687853e-03,3.795620437956192996e-03,nan,nan,nan,nan,-4.525547445255476836e-02,-5.605839416058394642e-02,-4.671532846715342746e-03,nan,nan,nan,nan,nan,nan,nan,-2.598540145985400729e-02,nan,nan,nan,-1.775182481751825525e-01,nan,nan,-2.005839416058394220e-01,nan,5.839416058394142003e-03
nan,nan,nan,nan,nan,nan,nan,nan,nan,nan,nan,nan,nan,nan,nan,nan,nan,nan,nan,nan,nan,nan,nan,nan,nan,nan,nan,nan,nan,nan,nan,nan,nan,nan,nan,nan,nan,nan,-1.283880171184019828e-02,5.706134094151215762e-04,5.706134094151227472e-03,nan,nan,nan,nan,1.968616262482171184e-02,3.423680456490740733e-03,5.706134094151327435e-04,nan,nan,nan,nan,nan,nan,nan,nan,nan,nan,nan,-1.691868758915834603e-01,nan,0.000000000000000000e+00,-1.960057061340940709e-01,nan,4.279600570613428627e-03
nan,nan,nan,nan,nan,nan,nan,nan,nan,nan,nan,nan,nan,nan,nan,nan,nan,nan,nan,nan,nan,nan,nan,nan,nan,nan,nan,nan,nan,nan,nan,nan,nan,nan,nan,nan,nan,nan,2.357954545454545719e-02,-9.943181818181790269e-03,nan,nan,nan,nan,nan,4.176136363636364507e-02,1.136363636363639865e-02,-4.545454545454541764e-03,nan,nan,nan,nan,nan,nan,7.528409090909093937e-02,7.414772727272726793e-02,nan,nan,nan,-1.221590909090908977e-01,nan,nan,-1.278409090909090606e-01,nan,4.829545454545456501e-02
nan,nan,nan,nan,nan,nan,nan,nan,nan,nan,nan,nan,nan,nan,nan,nan,nan,nan,nan,nan,nan,nan,nan,nan,nan,nan,nan,nan,nan,nan,nan,nan,nan,nan,nan,nan,nan,nan,-1.144492131616603459e-03,nan,4.635193133047212782e-02,nan,nan,nan,nan,7.782546494992848007e-02,3.347639484978541524e-02,-8.011444921316158291e-03,nan,nan,nan,nan,nan,nan,9.012875536480684235e-02,1.055793991416309058e-01,nan,nan,nan,-1.459227467811159348e-02,nan,nan,-2.117310443490703215e-02,nan,1.058655221745350393e-02
nan,nan,nan,nan,nan,nan,nan,nan,nan,nan,nan,nan,nan,nan,nan,nan,nan,nan,nan,nan,nan,nan,nan,nan,nan,nan,nan,nan,nan,nan,nan,nan,nan,nan,nan,nan,nan,nan,1.380323054331866750e-02,nan,5.580029368575625121e-02,nan,nan,nan,nan,3.671071953010278388e-02,3.054331864904556021e-02,-9.691629955947123759e-03,nan,nan,nan,nan,nan,nan,1.283406754772393743e-01,1.256975036710719917e-01,nan,nan,nan,-1.359765051395007140e-01,nan,nan,-1.312775330396475648e-01,nan,2.701908957415564277e-02
nan,nan,nan,nan,nan,nan,nan,nan,nan,nan,nan,nan,nan,nan,nan,nan,nan,nan,nan,nan,nan,nan,nan,nan,nan,nan,nan,nan,nan,nan,nan,nan,nan,nan,nan,nan,nan,nan,4.949053857350738279e-03,-2.066957787481809097e-02,1.641921397379912384e-01,nan,nan,nan,nan,2.110625909752546769e-01,1.074235807860261654e-01,-2.220446049250313204e-17,nan,nan,nan,2.340611353711790077e-01,nan,nan,nan,nan,nan,nan,nan,-6.113537117903944038e-03,nan,nan,-1.368267831149929704e-02,nan,1.062590975254730508e-01
nan,nan,nan,nan,nan,nan,nan,nan,nan,nan,nan,nan,nan,nan,nan,nan,nan,nan,nan,nan,nan,nan,nan,nan,nan,nan,nan,nan,nan,nan,nan,nan,nan,nan,nan,nan,nan,nan,-7.114285714285713269e-02,-3.714285714285692121e-03,nan,nan,nan,nan,nan,6.857142857142883678e-03,-6.885714285714281124e-02,-4.142857142857141184e-02,nan,nan,nan,nan,nan,nan,nan,-1.171428571428569966e-02,nan,nan,nan,-2.125714285714285501e-01,nan,0.000000000000000000e+00,-2.285714285714285643e-01,nan,-1.142857142857123210e-03
nan,nan,nan,nan,nan,nan,nan,nan,nan,nan,nan,nan,nan,nan,nan,nan,nan,nan,nan,nan,nan,nan,nan,nan,nan,nan,nan,nan,nan,nan,nan,nan,nan,nan,nan,nan,nan,nan,-2.749638205499271848e-02,5.788712011577457420e-03,nan,nan,nan,nan,nan,9.840810419681645521e-03,-2.199710564399419768e-02,-8.104196816208376203e-03,nan,nan,nan,nan,nan,nan,nan,-1.823444283646886641e-02,nan,nan,nan,-1.881331403762662169e-01,nan,0.000000000000000000e+00,-2.031837916063675420e-01,nan,3.473227206946471850e-03
nan,nan,nan,nan,nan,nan,nan,nan,nan,nan,nan,nan,nan,nan,nan,nan,nan,nan,nan,nan,nan,nan,nan,nan,nan,nan,nan,nan,nan,nan,nan,nan,nan,nan,nan,nan,nan,nan,-9.221902017291051107e-03,-4.899135446685876430e-03,7.579250720461097601e-02,nan,nan,nan,nan,2.593659942363114521e-02,5.187319884726248991e-03,-8.933717579250677679e-03,nan,nan,nan,nan,nan,nan,nan,1.121037463976945620e-01,nan,nan,nan,-1.559077809798270486e-01,nan,nan,-1.489913544668587941e-01,nan,5.187319884726293226e-03
nan,nan,nan,nan,nan,nan,nan,nan,nan,nan,nan,nan,nan,nan,nan,nan,nan,nan,nan,nan,nan,nan,nan,nan,nan,nan,nan,nan,nan,nan,nan,nan,nan,nan,nan,nan,nan,nan,-8.263988522238166490e-02,-4.878048780487820486e-03,nan,nan,nan,nan,nan,7.460545193687206748e-03,-8.436154949784790968e-02,-7.604017216642752763e-02,nan,nan,nan,nan,nan,nan,nan,-1.463414634146341722e-02,nan,nan,nan,-2.390243902439024848e-01,nan,0.000000000000000000e+00,-2.450502152080344942e-01,nan,-5.738880918220956757e-03
nan,nan,nan,nan,nan,nan,nan,nan,nan,nan,nan,nan,nan,nan,nan,nan,nan,nan,nan,nan,nan,nan,nan,nan,nan,nan,nan,nan,nan,nan,nan,nan,nan,nan,nan,nan,nan,nan,0.000000000000000000e+00,nan,nan,nan,nan,nan,nan,-7.235890014471779708e-03,1.736613603473258259e-03,nan,nan,nan,nan,nan,nan,nan,nan,nan,3.675832127351663647e-02,nan,nan,8.683068017366179624e-04,3.589001447178001569e-02,0.000000000000000000e+00,1.157742402315520324e-03,4.167872648335744362e-02,-5.499276410998521665e-03
nan,nan,nan,nan,nan,nan,nan,nan,nan,nan,nan,nan,nan,nan,nan,nan,nan,nan,nan,nan,nan,nan,nan,nan,nan,nan,nan,nan,nan,nan,nan,nan,nan,nan,nan,nan,nan,nan,-5.555555555555558370e-03,-8.771929824561420369e-03,nan,nan,nan,nan,nan,3.450292397660816718e-02,-7.017543859649125193e-02,-7.602339181286543561e-03,nan,nan,nan,1.023391812865497366e-02,nan,nan,nan,nan,nan,nan,nan,-2.146198830409356828e-01,nan,0.000000000000000000e+00,-2.093567251461988243e-01,nan,7.602339181286532285e-03
nan,nan,nan,nan,nan,nan,nan,nan,nan,nan,nan,nan,nan,nan,nan,nan,nan,nan,nan,nan,nan,nan,nan,nan,nan,nan,nan,nan,nan,nan,nan,nan,nan,nan,nan,nan,nan,nan,2.089985486211898280e-02,-1.509433962264152863e-02,nan,nan,nan,nan,nan,1.538461538461537506e-02,1.741654571843209752e-03,6.386066763425235493e-03,nan,nan,nan,nan,nan,nan,1.100145137880986501e-01,1.059506531204644358e-01,nan,nan,nan,-1.390420899854862280e-01,nan,nan,-1.503628447024673576e-01,nan,2.496371552975322830e-02
nan,nan,nan,nan,nan,nan,nan,nan,nan,nan,nan,nan,nan,nan,nan,nan,nan,nan,nan,nan,nan,nan,nan,nan,nan,nan,nan,nan,nan,nan,nan,nan,nan,nan,nan,nan,nan,nan,-5.855728429985856964e-02,3.111739745403096970e-03,-7.355021216407364899e-03,nan,nan,nan,nan,4.243281471004234535e-03,-6.449787835926448776e-02,-4.299858557284301497e-02,nan,nan,nan,nan,nan,nan,nan,nan,nan,nan,nan,-2.050919377652051234e-01,nan,0.000000000000000000e+00,-2.101838755304102357e-01,nan,-9.900990099009899376e-03
nan,nan,nan,nan,nan,nan,nan,nan,nan,nan,nan,nan,nan,nan,nan,nan,nan,nan,nan,nan,nan,nan,nan,nan,nan,nan,nan,nan,nan,nan,nan,nan,nan,nan,nan,nan,nan,nan,1.509433962264148353e-02,3.193033381712595629e-03,nan,nan,7.547169811320753041e-03,3.134978229317850890e-02,nan,-1.451378809869407994e-03,-2.220446049250313204e-17,8.417997097242335691e-03,nan,nan,nan,nan,nan,nan,nan,nan,nan,nan,nan,-1.111756168359941954e-01,nan,nan,-1.117561683599419542e-01,nan,1.248185776487664711e-02
nan,nan,nan,nan,nan,nan,nan,nan,nan,nan,nan,nan,nan,nan,nan,nan,nan,nan,nan,nan,nan,nan,nan,nan,nan,nan,nan,nan,nan,nan,nan,nan,nan,nan,nan,nan,nan,nan,2.676056338028165449e-02,nan,4.028169014084501814e-02,nan,nan,nan,nan,nan,6.478873239436610740e-03,1.408450704225350236e-03,nan,nan,nan,nan,nan,nan,6.394366197183090628e-02,6.450704225352103804e-02,nan,nan,nan,-1.284507042253521525e-01,nan,0.000000000000000000e+00,-1.312676056338028530e-01,nan,1.887323943661969178e-02
nan,nan,nan,nan,nan,nan,nan,nan,nan,nan,nan,nan,nan,nan,nan,nan,nan,nan,nan,nan,nan,nan,nan,nan,nan,nan,nan,nan,nan,nan,nan,nan,nan,nan,nan,nan,nan,nan,2.028571428571435131e-02,nan,9.228571428571433199e-02,nan,nan,nan,nan,7.600000000000003975e-02,5.657142857142862663e-02,-1.142857142857112152e-03,nan,nan,nan,nan,nan,nan,1.262857142857143344e-01,1.225714285714286367e-01,nan,nan,nan,-2.885714285714280347e-02,nan,nan,-3.771428571428567939e-02,nan,7.028571428571435409e-02
nan,nan,nan,nan,nan,nan,nan,nan,nan,nan,nan,nan,nan,nan,nan,nan,nan,nan,nan,nan,nan,nan,nan,nan,nan,nan,nan,nan,nan,nan,nan,nan,nan,nan,nan,nan,nan,nan,1.399416909620989670e-02,-1.982507288629740266e-02,nan,nan,nan,nan,nan,7.346938775510200581e-02,3.644314868804663515e-02,-7.871720116618097576e-03,nan,nan,nan,1.005830903790087411e-01,nan,nan,nan,9.620991253644310681e-02,nan,nan,nan,-4.752186588921285260e-02,nan,nan,-4.839650145772598361e-02,nan,4.548104956268221588e-02
nan,nan,nan,nan,nan,nan,nan,nan,nan,nan,nan,nan,nan,nan,nan,nan,nan,nan,nan,nan,nan,nan,nan,nan,nan,nan,nan,nan,nan,nan,nan,nan,nan,nan,nan,nan,nan,nan,4.022988505747160208e-03,nan,2.002873563218390829e-01,nan,nan,nan,nan,1.988505747126436962e-01,1.502873563218390940e-01,-4.597701149425259537e-03,nan,nan,nan,nan,nan,nan,nan,2.017241379310345251e-01,nan,nan,nan,1.839080459770116999e-02,nan,0.000000000000000000e+00,6.034482758620729470e-03,nan,1.623563218390804697e-01
nan,nan,nan,nan,nan,nan,nan,nan,nan,nan,nan,nan,nan,nan,nan,nan,nan,nan,nan,nan,nan,nan,nan,nan,nan,nan,nan,nan,nan,nan,nan,nan,nan,nan,nan,nan,nan,nan,1.268011527377521652e-02,-1.325648414985589572e-02,2.420749279538905036e-02,nan,nan,nan,nan,1.008645533141212455e-02,2.593659942363091102e-03,-8.645533141210526296e-04,nan,nan,nan,nan,nan,nan,nan,1.573487031700288308e-01,nan,nan,nan,-1.100864553314121197e-01,nan,nan,-1.141210374639769487e-01,nan,1.700288184438038946e-02
nan,nan,nan,nan,nan,nan,nan,nan,nan,nan,nan,nan,nan,nan,nan,nan,nan,nan,nan,nan,nan,nan,nan,nan,nan,nan,nan,nan,nan,nan,nan,nan,nan,nan,nan,nan,nan,nan,-5.563689604685184871e-03,nan,nan,nan,nan,nan,nan,6.793557833089314268e-02,7.027818448023470665e-03,-5.856515373352744408e-04,nan,nan,nan,7.818448023426063931e-02,nan,nan,9.487554904831629887e-02,9.165446559297221740e-02,nan,nan,nan,5.856515373353410108e-04,nan,nan,-9.077598828696898520e-03,nan,5.563689604685273342e-03
nan,nan,nan,nan,nan,nan,nan,nan,nan,nan,nan,nan,nan,nan,nan,nan,nan,nan,nan,nan,nan,nan,nan,nan,nan,nan,nan,nan,nan,nan,nan,nan,nan,nan,nan,nan,nan,nan,1.452513966480449906e-02,3.910614525139721395e-03,7.262569832402277284e-03,nan,nan,nan,nan,3.994413407821232470e-02,-2.039106145251392416e-02,2.234636871508433043e-03,nan,nan,nan,nan,nan,nan,nan,nan,nan,nan,nan,-1.840782122905027518e-01,nan,0.000000000000000000e+00,-2.011173184357541166e-01,nan,1.145251396648049383e-02
nan,nan,nan,nan,nan,nan,nan,nan,nan,nan,nan,nan,nan,nan,nan,nan,nan,nan,nan,nan,nan,nan,nan,nan,nan,nan,nan,nan,nan,nan,nan,nan,nan,nan,nan,nan,nan,nan,1.626248216833097240e-02,nan,nan,nan,nan,nan,nan,2.510699001426535196e-02,8.273894436519269036e-03,-1.626248216833094812e-02,nan,nan,nan,nan,nan,nan,1.161198288159771830e-01,1.186875891583452358e-01,nan,nan,nan,-1.363766048502139672e-01,nan,0.000000000000000000e+00,-1.420827389443652111e-01,nan,-1.141226818830221035e-03
nan,nan,nan,nan,nan,nan,nan,nan,nan,nan,nan,nan,nan,nan,nan,nan,nan,nan,nan,nan,nan,nan,nan,nan,nan,nan,nan,nan,nan,nan,nan,nan,nan,nan,nan,nan,nan,nan,3.185078909612630571e-02,nan,nan,nan,nan,nan,nan,1.474892395982783933e-01,9.325681492109041959e-02,1.721664275466339112e-03,nan,nan,nan,nan,nan,nan,nan,1.073170731707317332e-01,nan,nan,nan,-1.546628407460544641e-01,1.021520803443329017e-01,0.000000000000000000e+00,-1.538020086083213278e-01,nan,1.362984218077475662e-01
nan,nan,nan,nan,nan,nan,nan,nan,nan,nan,nan,nan,nan,nan,nan,nan,nan,nan,nan,nan,nan,nan,nan,nan,nan,nan,nan,nan,nan,nan,nan,nan,nan,nan,nan,nan,nan,nan,9.248554913294793067e-03,4.190751445086702415e-02,nan,nan,nan,nan,nan,-5.491329479768758230e-03,1.734104046242745945e-03,3.179190751445059963e-03,nan,nan,nan,nan,nan,nan,nan,9.421965317919074601e-02,nan,nan,nan,-1.505780346820809190e-01,nan,0.000000000000000000e+00,-1.534682080924855696e-01,nan,2.196531791907515435e-02
nan,nan,nan,nan,nan,nan,nan,nan,nan,nan,nan,nan,nan,nan,nan,nan,nan,nan,nan,nan,nan,nan,nan,nan,nan,nan,nan,nan,nan,nan,nan,nan,nan,nan,nan,nan,nan,nan,2.972582972582966596e-02,nan,3.578643578643574130e-02,nan,nan,nan,nan,3.116883116883113411e-02,0.000000000000000000e+00,-7.503607503607545234e-03,nan,nan,nan,nan,nan,nan,8.744588744588741025e-02,8.542568542568537704e-02,nan,nan,nan,-3.809523809523814031e-02,nan,nan,-4.126984126984132445e-02,nan,2.251082251082248131e-02
nan,nan,nan,nan,nan,nan,nan,nan,nan,nan,nan,nan,nan,nan,nan,nan,nan,nan,nan,nan,nan,nan,nan,nan,nan,nan,nan,nan,nan,nan,nan,nan,nan,nan,nan,nan,nan,nan,-6.398891966758998850e-02,nan,-5.817174515235445931e-03,nan,nan,nan,nan,9.695290858725769817e-03,-1.105263157894736670e-01,-1.055401662049861022e-01,nan,nan,nan,nan,nan,nan,nan,-4.072022160664819784e-02,nan,nan,nan,-2.590027700831025181e-01,nan,0.000000000000000000e+00,-2.709141274238226482e-01,nan,-4.432132963988899207e-03
nan,nan,nan,nan,nan,nan,nan,nan,nan,nan,nan,nan,nan,nan,nan,nan,nan,nan,nan,nan,nan,nan,nan,nan,nan,nan,nan,nan,nan,nan,nan,nan,nan,nan,nan,nan,nan,nan,1.315789473684214617e-02,3.157894736842110917e-02,7.631578947368425347e-02,nan,nan,nan,nan,5.087719298245620830e-02,-9.649122807017507936e-03,2.631578947368473469e-03,nan,nan,nan,nan,nan,nan,nan,nan,nan,nan,nan,-1.552631578947367974e-01,nan,0.000000000000000000e+00,-1.725146198830408983e-01,nan,7.339181286549713301e-02
nan,nan,nan,nan,nan,nan,nan,nan,nan,nan,nan,nan,nan,nan,nan,nan,nan,nan,nan,nan,nan,nan,nan,nan,nan,nan,nan,nan,nan,nan,nan,nan,nan,nan,nan,nan,nan,nan,2.485207100591717636e-02,nan,4.230769230769233780e-02,nan,nan,nan,nan,nan,2.220446049250313204e-17,-2.071005917159762962e-03,nan,nan,nan,nan,nan,nan,7.218934911242605446e-02,7.071005917159764453e-02,nan,nan,nan,-1.097633136094674500e-01,nan,0.000000000000000000e+00,-1.136094674556212825e-01,nan,1.893491124260355749e-02
nan,nan,nan,nan,nan,nan,nan,nan,nan,nan,nan,nan,nan,nan,nan,nan,nan,nan,nan,nan,nan,nan,nan,nan,nan,nan,nan,nan,nan,nan,nan,nan,nan,nan,nan,nan,nan,nan,1.132075471698112956e-02,nan,nan,nan,nan,nan,nan,8.708272859216270589e-03,1.451378809869385876e-03,-5.805515239477143218e-04,nan,nan,nan,nan,nan,nan,1.132075471698113373e-01,1.146589259796807064e-01,nan,nan,nan,-1.512336719883889680e-01,nan,0.000000000000000000e+00,-1.465892597968069810e-01,nan,1.103047895500723977e-02
nan,nan,nan,nan,nan,nan,nan,nan,nan,nan,nan,nan,nan,nan,nan,nan,nan,nan,nan,nan,nan,nan,nan,nan,nan,nan,nan,nan,nan,nan,nan,nan,nan,nan,nan,nan,nan,nan,3.048433048433050324e-02,nan,nan,nan,nan,nan,nan,nan,-8.547008547008072121e-04,-3.133903133903115541e-03,nan,nan,nan,nan,nan,nan,2.646723646723646572e-01,2.641025641025641080e-01,nan,nan,nan,-1.370370370370370128e-01,6.695156695156698201e-02,0.000000000000000000e+00,-1.247863247863247455e-01,nan,2.982905982905982856e-01
nan,nan,nan,nan,nan,nan,nan,nan,nan,nan,nan,nan,nan,nan,nan,nan,nan,nan,nan,nan,nan,nan,nan,nan,nan,nan,nan,nan,nan,nan,nan,nan,nan,nan,nan,nan,nan,nan,-2.788051209103838829e-02,nan,7.937411095305832442e-02,nan,nan,nan,nan,1.450924608819345596e-01,3.584637268847794267e-02,-4.751066856330012772e-02,nan,nan,nan,1.132290184921763976e-01,nan,nan,nan,nan,nan,nan,nan,-7.311522048364153814e-02,nan,0.000000000000000000e+00,-7.709815078236129104e-02,nan,5.576102418207684597e-02
nan,nan,nan,nan,nan,nan,nan,nan,nan,nan,nan,nan,nan,nan,nan,nan,nan,nan,nan,nan,nan,nan,nan,nan,nan,nan,nan,nan,nan,nan,nan,nan,nan,nan,nan,nan,nan,nan,9.510086455331422800e-03,-3.170028818443815406e-03,nan,nan,nan,nan,nan,4.034582132564845484e-03,-3.458213256484166283e-03,-3.170028818443815406e-03,nan,nan,nan,nan,nan,nan,3.804034582132564957e-02,3.919308357348703226e-02,nan,nan,nan,-1.348703170028818232e-01,nan,nan,-1.380403458213256551e-01,nan,-4.034582132564845484e-03
nan,nan,nan,nan,nan,nan,nan,nan,nan,nan,nan,nan,nan,nan,nan,nan,nan,nan,nan,nan,nan,nan,nan,nan,nan,nan,nan,nan,nan,nan,nan,nan,nan,nan,nan,nan,nan,nan,-4.668587896253604402e-02,nan,4.899135446685865154e-03,nan,nan,nan,nan,1.037463976945244247e-02,-9.250720461095100766e-02,-7.809798270893375527e-02,nan,nan,nan,nan,nan,nan,nan,-1.296829971181557781e-02,nan,nan,nan,-2.409221902017291694e-01,nan,0.000000000000000000e+00,-2.533141210374639796e-01,nan,9.221902017291061515e-03
nan,nan,nan,nan,nan,nan,nan,nan,nan,nan,nan,nan,nan,nan,nan,nan,nan,nan,nan,nan,nan,nan,nan,nan,nan,nan,nan,nan,nan,nan,nan,nan,nan,nan,nan,nan,nan,nan,1.898016997167134567e-02,nan,1.756373937677050551e-02,nan,nan,nan,nan,6.345609065155803641e-02,4.730878186968835719e-02,-1.926345609065156436e-02,nan,nan,nan,4.815864022662887101e-02,nan,nan,nan,nan,nan,nan,nan,-1.300283286118980586e-01,nan,0.000000000000000000e+00,-1.274787535410764894e-01,nan,2.492917847025493197e-02
nan,nan,nan,nan,nan,nan,nan,nan,nan,nan,nan,nan,nan,nan,nan,nan,nan,nan,nan,nan,nan,nan,nan,nan,nan,nan,nan,nan,nan,nan,nan,nan,nan,nan,nan,nan,nan,nan,8.132530120481984426e-03,8.132530120481961874e-03,nan,nan,nan,nan,nan,5.602409638554221166e-02,2.319277108433739215e-02,-3.614457831325257504e-03,nan,nan,nan,3.283132530120486114e-02,nan,nan,nan,nan,nan,nan,nan,-1.481927710843373158e-01,nan,0.000000000000000000e+00,-1.512048192771084099e-01,nan,1.144578313253017364e-02
nan,nan,nan,nan,nan,nan,nan,nan,nan,nan,nan,nan,nan,nan,nan,nan,nan,nan,nan,nan,nan,nan,nan,nan,nan,nan,nan,nan,nan,nan,nan,nan,nan,nan,nan,nan,nan,nan,6.327372764786742994e-03,nan,nan,nan,nan,nan,nan,5.887207702888577060e-02,2.971114167812927143e-02,-2.971114167812936163e-02,nan,nan,nan,1.977991746905089221e-01,nan,nan,nan,1.587345254470425571e-01,nan,nan,nan,-5.392022008253098686e-02,nan,0.000000000000000000e+00,-5.557083906464930362e-02,nan,5.474552957359002381e-02
nan,nan,nan,nan,nan,nan,nan,nan,nan,nan,nan,nan,nan,nan,nan,nan,nan,nan,nan,nan,nan,nan,nan,nan,nan,nan,nan,nan,nan,nan,nan,nan,nan,nan,nan,nan,nan,nan,3.409090909090872930e-03,nan,2.613636363636360344e-02,nan,nan,nan,nan,nan,-1.420454545454585826e-03,-5.681818181818787611e-04,nan,nan,nan,nan,nan,nan,1.613636363636363202e-01,3.071022727272726405e-01,nan,nan,nan,-3.465909090909093798e-02,1.247159090909090579e-01,nan,-2.897727272727277509e-02,nan,3.124999999999995490e-02
nan,nan,nan,nan,nan,nan,nan,nan,nan,nan,nan,nan,nan,nan,nan,nan,nan,nan,nan,nan,nan,nan,nan,nan,nan,nan,nan,nan,nan,nan,nan,nan,nan,nan,nan,nan,nan,nan,0.000000000000000000e+00,nan,nan,nan,nan,nan,nan,nan,0.000000000000000000e+00,0.000000000000000000e+00,nan,nan,nan,nan,nan,nan,nan,nan,5.035971223021582510e-01,nan,nan,0.000000000000000000e+00,6.618705035971220174e-02,0.000000000000000000e+00,0.000000000000000000e+00,5.018705035971222639e-01,0.000000000000000000e+00
nan,nan,nan,nan,nan,nan,nan,nan,nan,nan,nan,nan,nan,nan,nan,nan,nan,nan,nan,nan,nan,nan,nan,nan,nan,nan,nan,nan,nan,nan,nan,nan,nan,nan,nan,nan,nan,nan,1.296023564064797615e-02,8.836524300441805230e-03,1.060382916053016419e-02,nan,nan,nan,nan,2.120765832106036308e-02,1.737849779086891866e-02,6.774668630338709363e-03,nan,nan,nan,nan,nan,nan,nan,nan,nan,nan,nan,-1.743740795287186951e-01,nan,0.000000000000000000e+00,-1.870397643593520454e-01,nan,1.708394698085418176e-02
nan,nan,nan,nan,nan,nan,nan,nan,nan,nan,nan,nan,nan,nan,nan,nan,nan,nan,nan,nan,nan,nan,nan,nan,nan,nan,nan,nan,nan,nan,nan,nan,nan,nan,nan,nan,nan,nan,5.105105105105089969e-03,nan,9.789789789789786478e-02,nan,nan,nan,nan,9.699699699699697308e-02,4.594594594594592074e-02,-3.003003003003046345e-03,nan,nan,nan,nan,nan,nan,1.336336336336336195e-01,1.378378378378378177e-01,nan,nan,nan,-3.453453453453458888e-02,nan,nan,-3.693693693693696212e-02,nan,7.267267267267266129e-02
nan,nan,nan,nan,nan,nan,nan,nan,nan,nan,nan,nan,nan,nan,nan,nan,nan,nan,nan,nan,nan,nan,nan,nan,nan,nan,nan,nan,nan,nan,nan,nan,nan,nan,nan,nan,nan,nan,5.356622998544398329e-02,nan,nan,nan,nan,nan,nan,6.346433770014558995e-02,4.366812227074236968e-02,-1.426491994177581102e-02,nan,nan,nan,nan,nan,nan,9.665211062590979563e-02,9.723435225618637379e-02,nan,nan,nan,-8.267831149927218348e-02,nan,0.000000000000000000e+00,-7.947598253275105218e-02,nan,3.726346433770018340e-02
nan,nan,nan,nan,nan,nan,nan,nan,nan,nan,nan,nan,nan,nan,nan,nan,nan,nan,nan,nan,nan,nan,nan,nan,nan,nan,nan,nan,nan,nan,nan,nan,nan,nan,nan,nan,nan,nan,5.064011379800847923e-02,nan,nan,nan,nan,nan,nan,1.007112375533427973e-01,6.429587482219059624e-02,-5.689900426742555695e-03,nan,nan,nan,nan,nan,nan,1.408250355618776151e-01,1.419630156472261040e-01,nan,nan,nan,-3.357041251778099256e-02,nan,0.000000000000000000e+00,-2.958748221906117720e-02,nan,6.998577524893309643e-02
nan,nan,nan,nan,nan,nan,nan,nan,nan,nan,nan,nan,nan,nan,nan,nan,nan,nan,nan,nan,nan,nan,nan,nan,nan,nan,nan,nan,nan,nan,nan,nan,nan,nan,nan,nan,nan,nan,4.335260115606931475e-02,nan,nan,nan,nan,nan,nan,4.104046242774561648e-02,3.410404624277450086e-02,8.670520231213619134e-04,nan,nan,nan,nan,nan,nan,7.138728323699417011e-02,7.023121387283233485e-02,nan,nan,nan,-8.901734104046248042e-02,nan,0.000000000000000000e+00,-1.008670520231214479e-01,nan,2.976878612716755620e-02
