nan,nan,1.084990958408704699e-03,nan,nan,nan,nan,nan,nan,nan,nan,nan,nan,nan,5.063291139240533312e-03,nan,nan,nan,nan,nan,nan,nan,nan,4.339963833634730324e-03,nan,nan,nan,1.410488245931287334e-02,nan,-2.133815551537070546e-02,nan,2.025316455696204304e-02,nan,1.446654611211575271e-02,nan,nan,nan,-1.301989150090414674e-02,nan,nan,nan,nan,nan,nan,nan,nan,nan,nan,nan,nan,nan,nan,nan,nan,nan,nan,nan,-6.871609403254952744e-03,7.233273056058032047e-04,nan,nan,nan,nan,nan,nan
nan,nan,-1.624548736462094745e-02,nan,nan,nan,nan,nan,nan,nan,nan,nan,nan,nan,-2.490974729241877267e-02,nan,nan,nan,nan,nan,nan,nan,nan,9.747292418772557712e-03,nan,nan,nan,1.371841155234657626e-02,nan,-2.671480144404334706e-02,nan,2.057761732851984965e-02,nan,5.776173285198538294e-03,nan,nan,nan,-2.851985559566787634e-02,nan,nan,nan,nan,nan,nan,nan,nan,nan,nan,nan,nan,nan,nan,nan,nan,nan,nan,nan,-5.776173285198571254e-03,-4.693140794223849173e-03,nan,nan,nan,nan,nan,nan
nan,nan,3.752345215759866816e-03,nan,nan,nan,nan,nan,nan,nan,nan,nan,nan,nan,-6.003752345215773722e-03,nan,nan,nan,nan,nan,nan,nan,nan,8.255159474671680195e-03,nan,nan,nan,8.255159474671680195e-03,nan,-1.350844277673548567e-02,nan,1.163227016885553036e-02,nan,-3.752345215759866816e-03,nan,nan,nan,-6.754221388367742836e-03,nan,nan,nan,nan,nan,nan,nan,nan,nan,nan,nan,nan,nan,nan,nan,nan,nan,nan,nan,1.876172607879911291e-03,1.500938086303937793e-03,nan,nan,nan,nan,nan,nan
nan,nan,nan,nan,nan,nan,nan,nan,nan,nan,nan,nan,nan,nan,-1.083032490974722515e-03,nan,nan,nan,nan,nan,nan,nan,nan,1.299638989169677947e-02,nan,nan,nan,-5.054151624548697264e-03,4.332129963898955979e-03,-9.386281588447630692e-03,nan,1.805054151624574388e-03,nan,3.610108303249148776e-04,nan,nan,nan,-1.263537906137182122e-02,nan,nan,nan,nan,nan,nan,nan,nan,nan,nan,nan,nan,nan,nan,nan,nan,nan,nan,nan,-4.693140794223804937e-03,-1.083032490974700180e-03,nan,nan,nan,nan,nan,nan
nan,nan,2.898550724637671654e-03,nan,nan,nan,nan,nan,nan,nan,nan,nan,nan,nan,-1.594202898550724917e-02,nan,nan,nan,nan,nan,nan,nan,nan,9.782608695652162539e-03,nan,nan,nan,1.304347826086955583e-02,nan,-1.666666666666667337e-02,nan,2.210144927536230458e-02,nan,2.137681159420288385e-02,nan,nan,nan,-1.449275362318842506e-02,nan,nan,nan,nan,nan,nan,nan,nan,nan,nan,nan,nan,nan,nan,nan,nan,nan,nan,nan,-7.246376811594346101e-04,-1.086956521739135218e-03,nan,nan,nan,nan,nan,nan
nan,nan,1.275045537340619914e-02,nan,nan,nan,nan,nan,nan,nan,nan,nan,nan,nan,1.092896174863384681e-02,nan,nan,nan,nan,nan,nan,nan,nan,1.165755919854278774e-02,nan,nan,nan,5.100182149362452941e-03,nan,-2.185792349726800674e-03,nan,8.743169398907091674e-03,nan,4.735883424408005027e-03,nan,nan,nan,-9.836065573770503070e-03,nan,nan,nan,nan,nan,nan,nan,nan,nan,nan,nan,nan,nan,nan,nan,nan,nan,nan,nan,2.914389799635652700e-03,8.014571948998128192e-03,nan,nan,nan,nan,nan,nan
nan,nan,1.121157323688968220e-02,nan,nan,nan,nan,nan,nan,nan,nan,nan,nan,nan,1.663652802893308275e-02,nan,nan,nan,nan,nan,nan,nan,nan,9.041591320072307064e-03,nan,nan,nan,8.679927667269427688e-03,nan,-1.410488245931287334e-02,nan,9.041591320072307064e-03,nan,nan,nan,nan,nan,-1.518987341772153402e-02,nan,nan,nan,nan,nan,nan,nan,nan,nan,nan,-7.233273056057920375e-04,nan,nan,nan,nan,nan,nan,nan,nan,-5.786618444846314616e-03,-1.110223024625156602e-17,nan,nan,nan,nan,nan,nan
nan,nan,-2.120141342756198723e-03,nan,nan,nan,nan,nan,nan,nan,nan,nan,nan,nan,-1.236749116607773792e-02,nan,nan,nan,nan,nan,nan,nan,nan,1.978798586572438900e-02,nan,nan,nan,1.802120141342755666e-02,nan,-2.261484098939932005e-02,nan,2.756183745583036179e-02,nan,2.084805653710246690e-02,nan,nan,nan,-2.544169611307418519e-02,nan,nan,nan,nan,nan,nan,nan,nan,nan,nan,nan,nan,nan,nan,nan,nan,nan,nan,nan,-5.300353356890474474e-03,7.067137809187262580e-03,nan,nan,nan,nan,nan,nan
nan,nan,-9.982174688057088643e-03,nan,nan,nan,nan,nan,nan,nan,nan,nan,nan,nan,-1.033868092691625495e-02,nan,nan,nan,nan,nan,nan,nan,nan,6.773618538324388885e-03,nan,nan,nan,1.283422459893042086e-02,nan,-2.709447415329770820e-02,nan,1.711229946524060047e-02,nan,1.283422459893042086e-02,nan,nan,nan,-1.532976827094478800e-02,nan,nan,nan,nan,nan,nan,nan,nan,nan,nan,nan,nan,nan,nan,nan,nan,nan,nan,nan,-1.033868092691625495e-02,-1.426024955436755448e-03,nan,nan,nan,nan,nan,nan
nan,nan,-5.415162454873612141e-03,nan,nan,nan,nan,nan,nan,nan,nan,nan,nan,nan,-1.660649819494581722e-02,nan,nan,nan,nan,nan,nan,nan,nan,9.025270758122783468e-03,nan,nan,nan,2.888086642599319021e-03,-3.249097472924122876e-03,nan,nan,1.083032490974733530e-02,nan,6.498194945848401009e-03,nan,nan,nan,-3.032490974729238481e-02,nan,nan,nan,nan,nan,nan,nan,nan,nan,nan,nan,nan,nan,nan,nan,nan,nan,nan,nan,-2.527075812274337356e-03,3.610108303249592756e-04,nan,nan,nan,nan,nan,nan
nan,nan,-8.318264014466492801e-03,nan,nan,nan,nan,nan,nan,nan,nan,nan,nan,nan,-1.627486437613012704e-02,nan,nan,nan,nan,nan,nan,nan,nan,2.061482820976496752e-02,nan,nan,nan,2.278481012658232358e-02,2.206148282097654054e-02,-2.314647377938512315e-02,nan,2.857142857142862605e-02,nan,nan,nan,nan,nan,-2.640144665461117285e-02,nan,nan,nan,nan,nan,nan,nan,nan,nan,nan,nan,nan,nan,nan,nan,nan,nan,nan,nan,-4.701627486437565465e-03,4.701627486437653936e-03,nan,nan,nan,nan,nan,nan
nan,nan,5.594405594405571849e-03,nan,nan,nan,nan,nan,nan,nan,nan,nan,nan,nan,1.048951048951047779e-02,nan,nan,nan,nan,nan,nan,nan,nan,nan,nan,nan,nan,-5.419580419580422026e-02,nan,-8.041958041958053444e-03,nan,-6.013986013986015455e-02,nan,-6.048951048951051179e-02,nan,nan,nan,-2.622377622377624132e-02,nan,nan,nan,nan,nan,nan,nan,nan,nan,nan,-1.110223024625156602e-17,nan,nan,nan,nan,nan,nan,nan,nan,5.944055944055915211e-03,-2.097902097902126957e-03,nan,nan,nan,nan,nan,nan
nan,nan,-2.836879432624073334e-03,nan,nan,nan,nan,nan,nan,nan,nan,nan,nan,nan,-7.801418439716245254e-03,nan,nan,nan,nan,nan,nan,nan,nan,8.156028368794388320e-03,nan,nan,nan,1.063829787234045129e-02,nan,-2.340425531914889362e-02,nan,1.773049645390074522e-02,nan,1.205673758865253263e-02,nan,nan,nan,-1.879432624113473033e-02,nan,nan,nan,nan,nan,nan,nan,nan,nan,nan,nan,nan,nan,nan,nan,nan,nan,nan,nan,2.482269503546152747e-03,2.836879432624139687e-03,nan,nan,nan,nan,nan,nan
nan,nan,2.319859402460451234e-02,nan,nan,nan,nan,nan,nan,nan,nan,nan,nan,nan,1.687170474516689472e-02,nan,nan,nan,nan,nan,nan,nan,nan,2.355008787346215410e-02,nan,nan,nan,3.268892794376092314e-02,nan,3.514938488576424547e-03,nan,3.198594024604563268e-02,nan,2.108963093145864789e-02,nan,nan,nan,-8.084358523725887133e-03,nan,nan,nan,nan,nan,nan,nan,nan,nan,nan,nan,nan,nan,nan,nan,nan,nan,nan,nan,3.866432337434067175e-03,5.623901581722279448e-03,nan,nan,nan,nan,nan,nan
nan,nan,1.070110701107009933e-02,nan,nan,nan,nan,nan,nan,nan,nan,nan,nan,nan,-4.428044280442811238e-03,nan,nan,nan,nan,nan,nan,nan,nan,1.918819188191882644e-02,nan,nan,nan,1.771217712177122067e-02,1.992619926199261718e-02,nan,nan,1.328413284132841030e-02,nan,7.011070110701123070e-03,nan,nan,nan,-4.428044280442788687e-03,nan,nan,nan,nan,nan,nan,nan,nan,nan,nan,nan,nan,nan,nan,nan,nan,nan,nan,nan,2.214022140221416461e-03,-1.107011070110686113e-03,nan,nan,nan,nan,nan,nan
nan,nan,1.851851851851904398e-03,nan,nan,nan,nan,nan,nan,nan,nan,nan,nan,nan,9.629629629629665039e-03,nan,nan,nan,nan,nan,nan,nan,nan,3.962962962962966046e-02,nan,nan,nan,3.148148148148151304e-02,nan,-8.888888888888857656e-03,nan,3.370370370370374957e-02,nan,3.629629629629634729e-02,nan,nan,nan,-1.629629629629623239e-02,nan,nan,nan,nan,nan,nan,nan,nan,nan,nan,nan,nan,nan,nan,nan,nan,nan,nan,nan,-3.333333333333277169e-03,7.407407407407440650e-03,nan,nan,nan,nan,nan,nan
nan,nan,nan,nan,nan,nan,nan,nan,nan,nan,nan,nan,nan,nan,2.508960573476703808e-03,nan,nan,nan,nan,nan,nan,nan,nan,1.971326164874551840e-02,nan,nan,nan,2.508960573476703808e-03,1.254480286738351991e-02,-1.039426523297490822e-02,nan,7.168458781361963794e-04,nan,3.584229390680993173e-03,nan,nan,nan,-8.960573476702492907e-03,nan,nan,nan,nan,nan,nan,nan,nan,nan,nan,nan,nan,nan,nan,nan,nan,nan,nan,nan,7.168458781362074383e-04,-3.584229390680815472e-04,nan,nan,nan,nan,nan,nan
nan,nan,nan,nan,nan,nan,nan,nan,nan,nan,nan,nan,nan,nan,3.577817531305904717e-03,nan,nan,nan,nan,nan,nan,nan,nan,4.651162790697671752e-03,nan,nan,nan,-1.431127012522359632e-02,-4.651162790697704712e-03,-4.293381037567112375e-03,nan,-9.660107334526001760e-03,nan,-1.216457960644010648e-02,nan,nan,nan,0.000000000000000000e+00,nan,nan,nan,nan,nan,nan,nan,nan,nan,nan,nan,nan,nan,nan,nan,nan,nan,nan,nan,-3.220035778175334065e-03,-1.109123434704832947e-02,nan,nan,nan,nan,nan,nan
nan,nan,-1.076066790352503411e-02,nan,nan,nan,nan,nan,nan,nan,nan,nan,nan,nan,-2.040816326530614511e-02,nan,nan,nan,nan,nan,nan,nan,nan,8.905380333951763011e-03,nan,nan,nan,1.113172541743967557e-03,5.936920222634522841e-03,nan,nan,1.855287569573271745e-03,nan,4.452690166975870230e-03,nan,nan,nan,-1.855287569573282891e-02,nan,nan,nan,nan,nan,nan,nan,nan,nan,nan,nan,nan,nan,nan,nan,nan,nan,nan,nan,-3.710575139146565608e-03,0.000000000000000000e+00,nan,nan,nan,nan,nan,nan
nan,nan,nan,nan,nan,nan,nan,nan,nan,nan,nan,nan,nan,nan,-1.075268817204288931e-03,nan,nan,nan,nan,nan,nan,nan,nan,1.039426523297493077e-02,nan,nan,nan,-8.960573476702482498e-03,nan,-1.863799283154118219e-02,nan,3.225806451612933581e-03,nan,1.433691756272404902e-02,nan,nan,nan,-2.007168458781359924e-02,nan,nan,nan,nan,nan,nan,nan,nan,nan,nan,-4.659498207885281670e-03,nan,nan,nan,nan,nan,nan,nan,nan,-4.659498207885281670e-03,3.225806451612944856e-03,nan,nan,nan,nan,nan,nan
nan,nan,-1.077199281867180459e-03,nan,nan,nan,nan,nan,nan,nan,nan,nan,nan,nan,-5.745062836624836682e-03,nan,nan,nan,nan,nan,nan,nan,nan,2.980251346499097551e-02,nan,nan,nan,3.554757630161574367e-02,nan,-1.974865350089771709e-02,nan,3.518850987432670108e-02,nan,2.262118491920999189e-02,nan,nan,nan,-8.976660682226245136e-03,nan,nan,nan,nan,nan,nan,nan,nan,nan,nan,nan,nan,nan,nan,nan,nan,nan,nan,nan,-5.385996409335768939e-03,2.872531418312362830e-03,nan,nan,nan,nan,nan,nan
nan,nan,nan,nan,nan,nan,nan,nan,nan,nan,nan,nan,nan,nan,1.335807050092767748e-02,nan,nan,nan,nan,nan,nan,nan,nan,1.595547309833027574e-02,nan,nan,nan,1.706864564007426477e-02,1.076066790352512258e-02,-2.968460111317217185e-03,nan,1.484230055658630754e-02,nan,1.113172541743976361e-02,nan,nan,nan,-1.113172541743900987e-03,nan,nan,nan,nan,nan,nan,nan,nan,nan,nan,nan,nan,nan,nan,nan,nan,nan,nan,nan,7.421150278293265224e-04,2.968460111317306090e-03,nan,nan,nan,nan,nan,nan
nan,nan,nan,nan,nan,nan,nan,nan,nan,nan,nan,nan,nan,nan,-5.118829981718453145e-03,nan,nan,nan,nan,nan,nan,nan,nan,2.266910420475320986e-02,nan,nan,nan,7.678244972577708341e-03,2.340036563071299508e-02,-1.352833638025592242e-02,nan,9.506398537477155769e-03,nan,1.389396709323583758e-02,nan,nan,nan,-1.864716636197440852e-02,nan,nan,nan,nan,nan,nan,nan,nan,nan,nan,nan,nan,nan,nan,nan,nan,nan,nan,nan,1.828153564899448512e-03,4.021937842778810883e-03,nan,nan,nan,nan,nan,nan
nan,nan,nan,nan,nan,nan,nan,nan,nan,nan,nan,nan,nan,nan,2.112676056338047472e-03,nan,nan,nan,nan,nan,nan,nan,nan,1.866197183098594614e-02,nan,nan,nan,1.267605633802817468e-02,2.183098591549298417e-02,-8.450704225352078866e-03,nan,1.302816901408452264e-02,nan,1.443661971830985033e-02,nan,nan,nan,3.521126760563397708e-03,nan,nan,nan,nan,nan,nan,nan,nan,nan,nan,nan,nan,nan,nan,nan,nan,nan,nan,nan,-2.816901408450678355e-03,-3.521126760563264460e-04,nan,nan,nan,nan,nan,nan
nan,nan,nan,nan,nan,nan,nan,nan,nan,nan,nan,nan,nan,nan,-1.043165467625892760e-02,nan,nan,nan,nan,nan,nan,nan,nan,1.330935251798564048e-02,nan,nan,nan,2.877697841726689458e-03,1.115107913669068952e-02,-1.942446043165466790e-02,nan,1.151079136690651497e-02,nan,1.223021582733816413e-02,nan,nan,nan,-1.582733812949639260e-02,nan,nan,nan,nan,nan,nan,nan,nan,nan,nan,nan,nan,nan,nan,nan,nan,nan,nan,nan,-2.517985611510775538e-03,-2.158273381294950524e-03,nan,nan,nan,nan,nan,nan
nan,nan,5.734767025089593587e-03,nan,nan,nan,nan,nan,nan,nan,nan,nan,nan,nan,-5.376344086021500601e-03,nan,nan,nan,nan,nan,nan,nan,nan,2.508960573476703981e-02,nan,nan,nan,7.168458781362008030e-03,1.326164874551969373e-02,nan,nan,9.318996415770608444e-03,nan,1.505376344086020203e-02,nan,nan,nan,-2.150537634408577863e-03,nan,nan,nan,nan,nan,nan,nan,nan,nan,nan,nan,nan,nan,nan,nan,nan,nan,nan,nan,1.792114695340485311e-03,-1.433691756272392759e-03,nan,nan,nan,nan,nan,nan
nan,nan,-4.896421845574439220e-03,nan,nan,nan,nan,nan,nan,nan,nan,nan,nan,nan,-7.909604519774071640e-03,nan,nan,nan,nan,nan,nan,nan,nan,1.581920903954795593e-02,nan,nan,nan,-4.519774011299460340e-03,nan,nan,nan,-6.779661016949200918e-03,nan,-1.883239171374784249e-03,nan,nan,nan,-2.448210922787197319e-02,nan,nan,nan,nan,nan,nan,nan,nan,nan,nan,-6.026365348399309943e-03,nan,nan,nan,nan,nan,nan,nan,nan,-3.013182674199632420e-03,2.259887005649674659e-03,nan,nan,nan,nan,nan,nan
nan,nan,5.451448040885864370e-03,nan,nan,nan,nan,nan,nan,nan,nan,nan,nan,nan,-4.429301533219754013e-03,nan,nan,nan,nan,nan,nan,nan,nan,1.090289608177172874e-02,nan,nan,nan,2.385008517887565824e-03,nan,-7.836456558773408076e-03,nan,1.056218057921636325e-02,nan,1.158432708688246146e-02,nan,nan,nan,-1.124361158432704046e-02,nan,nan,nan,nan,nan,nan,nan,nan,nan,nan,nan,nan,nan,nan,nan,nan,nan,nan,nan,6.814310051107330462e-04,4.088586030664398061e-03,nan,nan,nan,nan,nan,nan
nan,nan,1.088929219600731678e-03,nan,nan,nan,nan,nan,nan,nan,nan,nan,nan,nan,4.718693284936481894e-03,nan,nan,nan,nan,nan,nan,nan,nan,1.161524500907435906e-02,nan,nan,nan,7.259528130671322622e-04,3.992740471869327297e-03,nan,nan,-1.088929219600731678e-03,nan,6.170598911070790220e-03,nan,nan,nan,1.451905626134308760e-03,nan,nan,nan,nan,nan,nan,nan,nan,nan,nan,nan,nan,nan,nan,nan,nan,nan,nan,nan,-6.170598911070812771e-03,3.629764065335771899e-04,nan,nan,nan,nan,nan,nan
nan,nan,4.502814258911880599e-03,nan,nan,nan,nan,nan,nan,nan,nan,nan,nan,nan,-8.255159474671636827e-03,nan,nan,nan,nan,nan,nan,nan,nan,2.138836772983118001e-02,nan,nan,nan,1.425891181988749902e-02,nan,-1.726078799249524190e-02,nan,1.876172607879931370e-02,nan,1.425891181988749902e-02,nan,nan,nan,-6.754221388367698600e-03,nan,nan,nan,nan,nan,nan,nan,nan,nan,nan,nan,nan,nan,nan,nan,nan,nan,nan,nan,-7.129455909943693999e-03,3.752345215759933603e-03,nan,nan,nan,nan,nan,nan
nan,nan,nan,nan,nan,nan,nan,nan,nan,nan,nan,nan,nan,nan,3.603603603603344535e-04,nan,nan,nan,nan,nan,nan,nan,nan,2.270270270270269286e-02,nan,nan,nan,1.549549549549548121e-02,2.342342342342340622e-02,-6.846846846846832424e-03,nan,1.873873873873873469e-02,nan,1.657657657657655298e-02,nan,nan,nan,2.882882882882864713e-03,nan,nan,nan,nan,nan,nan,nan,nan,nan,nan,nan,nan,nan,nan,nan,nan,nan,nan,nan,3.963963963963934752e-03,1.801801801801783398e-03,nan,nan,nan,nan,nan,nan
nan,nan,1.769911504424759221e-03,nan,nan,nan,nan,nan,nan,nan,nan,nan,nan,nan,-2.831858407079668183e-03,nan,nan,nan,nan,nan,nan,nan,nan,1.168141592920350982e-02,nan,nan,nan,1.309734513274333177e-02,nan,-1.309734513274338728e-02,nan,1.132743362831855130e-02,nan,4.601769911504382735e-03,nan,nan,nan,-2.725663716814161891e-02,nan,nan,nan,nan,nan,nan,nan,nan,nan,nan,nan,nan,nan,nan,nan,nan,nan,nan,nan,2.123893805309684350e-03,1.769911504424759221e-03,nan,nan,nan,nan,nan,nan
nan,nan,1.508078994614003854e-02,nan,nan,nan,nan,nan,nan,nan,nan,nan,nan,nan,1.579892280071814106e-02,nan,nan,nan,nan,nan,nan,nan,nan,1.077199281867147196e-02,nan,nan,nan,-8.258527827648109651e-03,nan,-1.184919210053860840e-02,nan,-5.385996409335680468e-03,nan,nan,nan,nan,nan,-4.667863554757590086e-03,nan,nan,nan,nan,nan,nan,nan,nan,nan,nan,1.795332136445248940e-03,nan,nan,nan,nan,nan,nan,nan,nan,5.745062836624781170e-03,-3.949730700179498837e-03,nan,nan,nan,nan,nan,nan
nan,nan,nan,nan,nan,nan,nan,nan,nan,nan,nan,nan,nan,nan,-3.460207612456467569e-04,nan,nan,nan,nan,nan,nan,nan,nan,1.141868512110730781e-02,nan,nan,nan,7.266435986159202817e-03,9.342560553633250109e-03,-1.349480968858129959e-02,nan,1.176470588235296530e-02,nan,1.072664359861594773e-02,nan,nan,nan,-1.176470588235292193e-02,nan,nan,nan,nan,nan,nan,nan,nan,nan,nan,nan,nan,nan,nan,nan,nan,nan,nan,nan,4.152249134948127543e-03,1.003460207612458764e-02,nan,nan,nan,nan,nan,nan
nan,nan,1.168141592920348727e-02,nan,nan,nan,nan,nan,nan,nan,nan,nan,nan,nan,5.309734513274322332e-03,nan,nan,nan,nan,nan,nan,nan,nan,1.876106194690263518e-02,nan,nan,nan,1.805309734513269732e-02,1.876106194690263518e-02,nan,nan,1.557522123893804143e-02,nan,7.079646017699081986e-03,nan,nan,nan,1.769911504424737103e-03,nan,nan,nan,nan,nan,nan,nan,nan,nan,nan,nan,nan,nan,nan,nan,nan,nan,nan,nan,-1.415929203539856209e-03,3.893805309734444005e-03,nan,nan,nan,nan,nan,nan
nan,nan,7.339449541283960205e-04,nan,nan,nan,nan,nan,nan,nan,nan,nan,nan,nan,3.669724770642179921e-03,nan,nan,nan,nan,nan,nan,nan,nan,2.935779816513717222e-03,nan,nan,nan,8.073394495412843791e-03,nan,-1.614678899082571187e-02,nan,1.724770642201829338e-02,nan,nan,nan,nan,nan,-1.027522935779820977e-02,nan,nan,nan,nan,nan,nan,nan,nan,nan,nan,-2.935779816513784009e-03,nan,nan,nan,nan,nan,nan,nan,nan,-1.100917431192693832e-03,3.302752293577948355e-03,nan,nan,nan,nan,nan,nan
nan,nan,nan,nan,nan,nan,nan,nan,nan,nan,nan,nan,nan,nan,1.026548672566376420e-02,nan,nan,nan,nan,nan,nan,nan,nan,2.265486725663723444e-02,nan,nan,nan,3.893805309734532476e-03,1.876106194690270110e-02,-1.097345132743359278e-02,nan,1.061946902654873313e-02,nan,1.132743362831865018e-02,nan,nan,nan,1.415929203539878544e-03,nan,nan,nan,nan,nan,nan,nan,nan,nan,nan,nan,nan,nan,nan,nan,nan,nan,nan,nan,-3.893805309734466123e-03,-2.477876106194632031e-03,nan,nan,nan,nan,nan,nan
nan,nan,1.027522935779816640e-02,nan,nan,nan,nan,nan,nan,nan,nan,nan,nan,nan,3.302752293577981748e-03,nan,nan,nan,nan,nan,nan,nan,nan,9.541284403669724953e-03,nan,nan,nan,-1.834862385321101019e-03,nan,-1.100917431192660612e-02,nan,1.027522935779816640e-02,nan,1.027522935779816640e-02,nan,nan,nan,-1.284403669724770714e-02,nan,nan,nan,nan,nan,nan,nan,nan,nan,nan,nan,nan,nan,nan,nan,nan,nan,nan,nan,4.770642201834862477e-03,-3.302752293577981748e-03,nan,nan,nan,nan,nan,nan
nan,nan,4.036697247706388936e-03,nan,nan,nan,nan,nan,nan,nan,nan,nan,nan,nan,6.972477064220150393e-03,nan,nan,nan,nan,nan,nan,nan,nan,5.504587155963270098e-03,nan,nan,nan,-3.302752293578015141e-03,1.467889908256836493e-03,nan,nan,-3.669724770642312952e-04,nan,3.669724770641868972e-04,nan,nan,nan,2.568807339449530325e-03,nan,nan,nan,nan,nan,nan,nan,nan,nan,nan,nan,nan,nan,nan,nan,nan,nan,nan,nan,1.100917431192627262e-03,2.201834862385321310e-03,nan,nan,nan,nan,nan,nan
nan,nan,nan,nan,nan,nan,nan,nan,nan,nan,nan,nan,nan,nan,-5.128205128205198457e-03,nan,nan,nan,nan,nan,nan,nan,nan,1.318681318681313996e-02,nan,nan,nan,-5.494505494505541772e-03,7.326007326007299980e-03,-1.391941391941398098e-02,nan,1.465201465201459996e-03,nan,4.395604395604379988e-03,nan,nan,nan,-1.025641025641033099e-02,nan,nan,nan,nan,nan,nan,nan,nan,nan,nan,nan,nan,nan,nan,nan,nan,nan,nan,nan,7.326007326007299980e-04,7.326007326007299980e-04,nan,nan,nan,nan,nan,nan
nan,nan,6.049822064056997392e-03,nan,nan,nan,nan,nan,nan,nan,nan,nan,nan,nan,-6.049822064056908921e-03,nan,nan,nan,nan,nan,nan,nan,nan,1.601423487544488891e-02,nan,nan,nan,1.672597864768687881e-02,nan,-1.352313167259782192e-02,nan,3.131672597864774976e-02,nan,2.348754448398580191e-02,nan,nan,nan,-1.530249110320278626e-02,nan,nan,nan,nan,nan,nan,nan,nan,nan,nan,nan,nan,nan,nan,nan,nan,nan,nan,nan,-1.067615658362952536e-03,8.185053380782991370e-03,nan,nan,nan,nan,nan,nan
nan,nan,nan,nan,nan,nan,nan,nan,nan,nan,nan,nan,nan,nan,1.135531135531132538e-02,nan,nan,nan,nan,nan,nan,nan,nan,3.663003663003649990e-04,nan,nan,nan,-1.648351648351651516e-02,nan,-1.648351648351651516e-02,nan,-9.157509157509180486e-03,nan,-5.860805860805884220e-03,nan,nan,nan,-1.025641025641027548e-02,nan,nan,nan,nan,nan,nan,nan,nan,nan,nan,-1.110223024625156602e-17,nan,nan,nan,nan,nan,nan,nan,nan,7.326007326007299980e-04,7.326007326007189391e-04,nan,nan,nan,nan,nan,nan
nan,nan,nan,nan,nan,nan,nan,nan,nan,nan,nan,nan,nan,nan,-8.056042031523658054e-03,nan,nan,nan,nan,nan,nan,nan,nan,1.961471103327492443e-02,nan,nan,nan,1.190893169877405011e-02,1.576182136602448727e-02,-1.471103327495624190e-02,nan,2.066549912434323399e-02,nan,1.891418563922939861e-02,nan,nan,nan,-1.295971978984244988e-02,nan,nan,nan,nan,nan,nan,nan,nan,nan,nan,nan,nan,nan,nan,nan,nan,nan,nan,nan,-1.110223024625156602e-17,4.903677758318713761e-03,nan,nan,nan,nan,nan,nan
nan,nan,5.444646098003591388e-03,nan,nan,nan,nan,nan,nan,nan,nan,nan,nan,nan,-2.540834845735051497e-03,nan,nan,nan,nan,nan,nan,nan,nan,5.444646098003580112e-03,nan,nan,nan,7.259528130671444486e-03,nan,-1.524500907441024219e-02,nan,1.560798548094368722e-02,nan,1.161524500907435906e-02,nan,nan,nan,-2.649727767695102612e-02,nan,nan,nan,nan,nan,nan,nan,nan,nan,nan,nan,nan,nan,nan,nan,nan,nan,nan,nan,4.355716878402859926e-03,5.444646098003580112e-03,nan,nan,nan,nan,nan,nan
nan,nan,9.318996415770552932e-03,nan,nan,nan,nan,nan,nan,nan,nan,nan,nan,nan,5.017921146953363380e-03,nan,nan,nan,nan,nan,nan,nan,nan,6.451612903225778690e-03,nan,nan,nan,5.734767025089571035e-03,nan,-4.301075268817245063e-03,nan,1.146953405017918717e-02,nan,1.326164874551966077e-02,nan,nan,nan,-1.218637992831545988e-02,nan,nan,nan,nan,nan,nan,nan,nan,nan,nan,nan,nan,nan,nan,nan,nan,nan,nan,nan,6.451612903225756139e-03,2.150537634408577863e-03,nan,nan,nan,nan,nan,nan
nan,nan,1.326164874551978221e-02,nan,nan,nan,nan,nan,nan,nan,nan,nan,nan,nan,1.290322580645169095e-02,nan,nan,nan,nan,nan,nan,nan,nan,1.720430107526886923e-02,nan,nan,nan,-2.150537634408555745e-03,nan,nan,nan,1.792114695340529763e-03,nan,1.326164874551976139e-02,nan,nan,nan,-5.376344086021456366e-03,nan,nan,nan,nan,nan,nan,nan,nan,nan,nan,-2.508960573476648297e-03,nan,nan,nan,nan,nan,nan,nan,nan,3.584229390681148322e-04,4.659498207885337182e-03,nan,nan,nan,nan,nan,nan
nan,nan,nan,nan,nan,nan,nan,nan,nan,nan,nan,nan,nan,nan,8.928571428571396851e-03,nan,nan,nan,nan,nan,nan,nan,nan,1.035714285714282000e-02,nan,nan,nan,-3.571428571428558740e-03,nan,-1.678571428571427188e-02,nan,6.428571428571405906e-03,nan,3.928571428571414961e-03,nan,nan,nan,-2.428571428571430976e-02,nan,nan,nan,nan,nan,nan,nan,nan,nan,nan,-6.428571428571405906e-03,nan,nan,nan,nan,nan,nan,nan,nan,-4.999999999999981889e-03,0.000000000000000000e+00,nan,nan,nan,nan,nan,nan
nan,nan,-7.207207207207211655e-03,nan,nan,nan,nan,nan,nan,nan,nan,nan,nan,nan,-1.513513513513514708e-02,nan,nan,nan,nan,nan,nan,nan,nan,2.054054054054051809e-02,nan,nan,nan,2.558558558558555671e-02,nan,-1.297297297297300700e-02,nan,2.342342342342340622e-02,nan,1.657657657657656339e-02,nan,nan,nan,-2.450450450450451095e-02,nan,nan,nan,nan,nan,nan,nan,nan,nan,nan,nan,nan,nan,nan,nan,nan,nan,nan,nan,-3.963963963963978987e-03,4.684684684684659386e-03,nan,nan,nan,nan,nan,nan
nan,nan,-6.896551724137878030e-03,nan,nan,nan,nan,nan,nan,nan,nan,nan,nan,nan,-2.323049001814880832e-02,nan,nan,nan,nan,nan,nan,nan,nan,2.940108892921964451e-02,nan,nan,nan,3.738656987295831818e-02,nan,-3.266787658802172700e-02,nan,4.428312159709620749e-02,nan,4.101633393829404867e-02,nan,nan,nan,-3.049001814882026234e-02,nan,nan,nan,nan,nan,nan,nan,nan,nan,nan,nan,nan,nan,nan,nan,nan,nan,nan,nan,-4.355716878402882478e-03,-7.259528130671322622e-04,nan,nan,nan,nan,nan,nan
nan,nan,1.037037037037042905e-02,nan,nan,nan,nan,nan,nan,nan,nan,nan,nan,nan,1.999999999999999695e-02,nan,nan,nan,nan,nan,nan,nan,nan,4.037037037037036896e-02,nan,nan,nan,2.777777777777783522e-02,nan,nan,nan,3.407407407407410382e-02,nan,2.740740740740743586e-02,nan,nan,nan,-1.481481481481461459e-03,nan,nan,nan,nan,nan,nan,nan,nan,nan,nan,-5.185185185185181567e-03,nan,nan,nan,nan,nan,nan,nan,nan,7.407407407407750732e-04,9.629629629629654630e-03,nan,nan,nan,nan,nan,nan
nan,nan,-7.561436672967891855e-03,nan,nan,nan,nan,nan,nan,nan,nan,nan,nan,nan,2.268431001890358536e-03,nan,nan,nan,nan,nan,nan,nan,nan,1.852551984877128660e-02,nan,nan,nan,1.776937618147449507e-02,nan,-1.739130434782609758e-02,nan,2.457466918714557025e-02,nan,2.457466918714557025e-02,nan,nan,nan,-2.986767485822307971e-02,nan,nan,nan,nan,nan,nan,nan,nan,nan,nan,nan,nan,nan,nan,nan,nan,nan,nan,nan,-9.073724007561434143e-03,3.024574669187130114e-03,nan,nan,nan,nan,nan,nan
nan,nan,nan,nan,nan,nan,nan,nan,nan,nan,nan,nan,nan,nan,1.083032490974722515e-03,nan,nan,nan,nan,nan,nan,nan,nan,1.371841155234654330e-02,nan,nan,nan,9.386281588447609875e-03,5.415162454873634693e-03,-1.299638989169677947e-02,nan,5.415162454873656377e-03,nan,3.610108303249081989e-03,nan,nan,nan,-3.610108303249148776e-04,nan,nan,nan,nan,nan,nan,nan,nan,nan,nan,nan,nan,nan,nan,nan,nan,nan,nan,nan,-7.220216606498742074e-04,2.527075812274382025e-03,nan,nan,nan,nan,nan,nan
nan,nan,nan,nan,nan,nan,nan,nan,nan,nan,nan,nan,nan,nan,-1.513513513513520259e-02,nan,nan,nan,nan,nan,nan,nan,nan,1.225225225225218262e-02,nan,nan,nan,7.567567567567523232e-03,5.045045045045004790e-03,-2.594594594594601400e-02,nan,8.288288288288226183e-03,nan,4.684684684684648111e-03,nan,nan,nan,-1.909909909909912606e-02,nan,nan,nan,nan,nan,nan,nan,nan,nan,nan,nan,nan,nan,nan,nan,nan,nan,nan,nan,-3.603603603603677819e-03,3.603603603602900554e-04,nan,nan,nan,nan,nan,nan
nan,nan,-7.899461400359108695e-03,nan,nan,nan,nan,nan,nan,nan,nan,nan,nan,nan,2.513464991023295521e-03,nan,nan,nan,nan,nan,nan,nan,nan,1.759425493716333319e-02,nan,nan,nan,2.154398563734272014e-03,nan,-1.687612208258533128e-02,nan,1.508078994613999343e-02,nan,nan,nan,nan,nan,-2.692998204667869031e-02,nan,nan,nan,nan,nan,nan,nan,nan,nan,nan,-7.181328545781351597e-04,nan,nan,nan,nan,nan,nan,nan,nan,1.436265709156159297e-03,2.872531418312362830e-03,nan,nan,nan,nan,nan,nan
nan,nan,nan,nan,nan,nan,nan,nan,nan,nan,nan,nan,nan,nan,9.471766848816055157e-03,nan,nan,nan,nan,nan,nan,nan,nan,2.404371584699456152e-02,nan,nan,nan,9.471766848816065565e-03,nan,-9.836065573770457968e-03,nan,1.311475409836068175e-02,nan,1.748633879781421457e-02,nan,nan,nan,-1.493624772313296642e-02,nan,nan,nan,nan,nan,nan,nan,nan,nan,nan,1.092896174863411396e-03,nan,nan,nan,nan,nan,nan,nan,nan,4.371584699453578797e-03,6.557377049180357353e-03,nan,nan,nan,nan,nan,nan
nan,nan,-4.938271604938293188e-03,nan,nan,nan,nan,nan,nan,nan,nan,nan,nan,nan,2.469135802469102359e-03,nan,nan,nan,nan,nan,nan,nan,nan,1.587301587301585132e-02,nan,nan,nan,1.904761904761904587e-02,nan,-2.257495590828923968e-02,nan,1.869488536155201538e-02,nan,1.164021164021160695e-02,nan,nan,nan,-1.199294532627868080e-02,nan,nan,nan,nan,nan,nan,nan,nan,nan,nan,nan,nan,nan,nan,nan,nan,nan,nan,nan,7.054673721340165137e-04,-5.291005291005301987e-03,nan,nan,nan,nan,nan,nan
nan,nan,1.345454545454541871e-02,nan,nan,nan,nan,nan,nan,nan,nan,nan,nan,nan,2.799999999999993466e-02,nan,nan,nan,nan,nan,nan,nan,nan,1.599999999999994829e-02,nan,nan,nan,2.218181818181813592e-02,nan,-9.090909090909149448e-03,nan,2.145454545454542755e-02,nan,2.399999999999995540e-02,nan,nan,nan,-1.345454545454551933e-02,nan,nan,nan,nan,nan,nan,nan,nan,nan,nan,nan,nan,nan,nan,nan,nan,nan,nan,nan,3.272727272727182866e-03,1.127272727272721209e-02,nan,nan,nan,nan,nan,nan
nan,nan,nan,nan,nan,nan,nan,nan,nan,nan,nan,nan,nan,nan,2.614840989399293963e-02,nan,nan,nan,nan,nan,nan,nan,nan,2.720848056537101753e-02,nan,nan,nan,8.127208480565428078e-03,nan,-1.201413427561834855e-02,nan,1.378091872791518090e-02,nan,2.190812720848058642e-02,nan,nan,nan,1.024734982332153876e-02,nan,nan,nan,nan,nan,nan,nan,nan,nan,nan,-2.120141342756198723e-03,nan,nan,nan,nan,nan,nan,nan,nan,3.886925795053031065e-03,3.533568904593664683e-03,nan,nan,nan,nan,nan,nan
nan,nan,2.131438721136769045e-03,nan,nan,nan,nan,nan,nan,nan,nan,nan,nan,nan,-6.749555950266416735e-03,nan,nan,nan,nan,nan,nan,nan,nan,1.420959147424511945e-02,nan,nan,nan,-6.039076376554164578e-03,nan,-1.456483126110124163e-02,nan,-1.065719360568373464e-03,nan,-3.552397868561274659e-03,nan,nan,nan,-2.344582593250443825e-02,nan,nan,nan,nan,nan,nan,nan,nan,nan,nan,nan,nan,nan,nan,nan,nan,nan,nan,nan,-5.683836589698043271e-03,-7.104795737122549318e-03,nan,nan,nan,nan,nan,nan
nan,nan,nan,nan,nan,nan,nan,nan,nan,nan,nan,nan,nan,nan,-2.127659574468054784e-03,nan,nan,nan,nan,nan,nan,nan,nan,1.382978723404259050e-02,nan,nan,nan,6.382978723404297491e-03,1.453900709219861989e-02,-1.312056737588645008e-02,nan,4.440892098500626408e-17,nan,8.510638297872418628e-03,nan,nan,nan,-1.170212765957441212e-02,nan,nan,nan,nan,nan,nan,nan,nan,nan,nan,nan,nan,nan,nan,nan,nan,nan,nan,nan,-7.092198581559961074e-04,1.028368794326246435e-02,nan,nan,nan,nan,nan,nan
nan,nan,5.524861878453024566e-03,nan,nan,nan,nan,nan,nan,nan,nan,nan,nan,nan,-7.366482504604032755e-03,nan,nan,nan,nan,nan,nan,nan,nan,1.767955801104968000e-02,nan,nan,nan,2.651933701657457204e-02,nan,-1.804788213627988094e-02,nan,2.946593001841619694e-02,nan,2.430939226519336291e-02,nan,nan,nan,-9.944751381215444566e-03,nan,nan,nan,nan,nan,nan,nan,nan,nan,nan,nan,nan,nan,nan,nan,nan,nan,nan,nan,-6.998158379373830944e-03,-3.314917127071814566e-03,nan,nan,nan,nan,nan,nan
nan,nan,-6.126126126126086105e-03,nan,nan,nan,nan,nan,nan,nan,nan,nan,nan,nan,-2.774774774774775229e-02,nan,nan,nan,nan,nan,nan,nan,nan,2.126126126126128696e-02,nan,nan,nan,3.243243243243244811e-02,nan,nan,nan,3.891891891891892385e-02,nan,3.711711711711710576e-02,nan,nan,nan,-2.018018018018017529e-02,nan,nan,nan,nan,nan,nan,nan,nan,nan,nan,1.081081081081070039e-03,nan,nan,nan,nan,nan,nan,nan,nan,-3.963963963963946027e-03,2.162162162162184313e-03,nan,nan,nan,nan,nan,nan
nan,nan,nan,nan,nan,nan,nan,nan,nan,nan,nan,nan,nan,nan,1.757469244288212273e-03,nan,nan,nan,nan,nan,nan,nan,nan,1.405975395430580921e-02,nan,nan,nan,6.326889279437563837e-03,7.381370826010558509e-03,-7.732864674868200269e-03,nan,8.787346221441127286e-03,nan,8.787346221441127286e-03,nan,nan,nan,7.029876977152849310e-04,nan,nan,nan,nan,nan,nan,nan,nan,nan,nan,nan,nan,nan,nan,nan,nan,nan,nan,nan,-3.514938488576424655e-04,3.163444639718781919e-03,nan,nan,nan,nan,nan,nan
nan,nan,nan,nan,nan,nan,nan,nan,nan,nan,nan,nan,nan,nan,-6.428571428571405906e-03,nan,nan,nan,nan,nan,nan,nan,nan,2.250000000000003039e-02,nan,nan,nan,1.714285714285712636e-02,2.035714285714289654e-02,-1.285714285714283436e-02,nan,1.285714285714281181e-02,nan,1.035714285714282000e-02,nan,nan,nan,-4.999999999999981889e-03,nan,nan,nan,nan,nan,nan,nan,nan,nan,nan,nan,nan,nan,nan,nan,nan,nan,nan,nan,-1.071428571428567579e-03,7.142857142857117914e-04,nan,nan,nan,nan,nan,nan
nan,nan,nan,nan,nan,nan,nan,nan,nan,nan,nan,nan,nan,nan,-1.444043321299639561e-02,nan,nan,nan,nan,nan,nan,nan,nan,1.407942238267144777e-02,nan,nan,nan,3.610108303248704795e-04,nan,-1.191335740072205739e-02,nan,7.581227436823078855e-03,nan,1.010830324909745004e-02,nan,nan,nan,-3.501805054151625740e-02,nan,nan,nan,nan,nan,nan,nan,nan,nan,nan,-1.805054151624574388e-03,nan,nan,nan,nan,nan,nan,nan,nan,-3.610108303249148776e-03,2.166064981949400361e-03,nan,nan,nan,nan,nan,nan
nan,nan,-7.168458781362296644e-04,nan,nan,nan,nan,nan,nan,nan,nan,nan,nan,nan,-3.942652329749130394e-03,nan,nan,nan,nan,nan,nan,nan,nan,1.792114695340498581e-02,nan,nan,nan,2.150537634408601281e-02,nan,-2.150537634408604751e-02,nan,2.616487455197129622e-02,nan,2.150537634408600240e-02,nan,nan,nan,-1.397849462365594563e-02,nan,nan,nan,nan,nan,nan,nan,nan,nan,nan,nan,nan,nan,nan,nan,nan,nan,nan,nan,-2.508960573476715084e-03,3.584229390680482080e-04,nan,nan,nan,nan,nan,nan
nan,nan,-7.871198568873038343e-03,nan,nan,nan,nan,nan,nan,nan,nan,nan,nan,nan,-2.933810375670844323e-02,nan,nan,nan,nan,nan,nan,nan,nan,2.432915921288011235e-02,nan,nan,nan,2.468694096601070642e-02,nan,-2.504472271914137682e-02,nan,2.468694096601071683e-02,nan,2.110912343470480040e-02,nan,nan,nan,-2.003577817531308064e-02,nan,nan,nan,nan,nan,nan,nan,nan,nan,nan,nan,nan,nan,nan,nan,nan,nan,nan,nan,-5.724508050089482589e-03,-2.146690518783556188e-03,nan,nan,nan,nan,nan,nan
nan,nan,5.755395683453257485e-03,nan,nan,nan,nan,nan,nan,nan,nan,nan,nan,nan,-7.913669064748196300e-03,nan,nan,nan,nan,nan,nan,nan,nan,1.366906474820146419e-02,nan,nan,nan,1.510791366906475384e-02,nan,-1.474820143884894054e-02,nan,1.474820143884892840e-02,nan,9.352517985611518911e-03,nan,nan,nan,-1.007194244604314726e-02,nan,nan,nan,nan,nan,nan,nan,nan,nan,nan,nan,nan,nan,nan,nan,nan,nan,nan,nan,-6.474820143884852004e-03,2.158273381294983917e-03,nan,nan,nan,nan,nan,nan
nan,nan,nan,nan,nan,nan,nan,nan,nan,nan,nan,nan,nan,nan,8.880994671403175805e-03,nan,nan,nan,nan,nan,nan,nan,nan,1.669626998223798856e-02,nan,nan,nan,8.525754884547032814e-03,1.420959147424507608e-02,-4.973357015985779839e-03,nan,1.101243339253994355e-02,nan,1.740674955595025025e-02,nan,nan,nan,8.170515097690910639e-03,nan,nan,nan,nan,nan,nan,nan,nan,nan,nan,nan,nan,nan,nan,nan,nan,nan,nan,nan,1.065719360568362405e-03,0.000000000000000000e+00,nan,nan,nan,nan,nan,nan
nan,nan,-1.024734982332153876e-02,nan,nan,nan,nan,nan,nan,nan,nan,nan,nan,nan,-2.650176678445226308e-02,nan,nan,nan,nan,nan,nan,nan,nan,6.360424028268585328e-03,nan,nan,nan,8.833922261484128749e-03,nan,-1.625441696113074513e-02,nan,3.886925795053031065e-03,nan,0.000000000000000000e+00,nan,nan,nan,-2.438162544169608648e-02,nan,nan,nan,nan,nan,nan,nan,nan,nan,nan,nan,nan,nan,nan,nan,nan,nan,nan,nan,-3.533568904593620448e-03,-1.060070671378099362e-03,nan,nan,nan,nan,nan,nan
nan,nan,-6.474820143884907515e-03,nan,nan,nan,nan,nan,nan,nan,nan,nan,nan,nan,-4.676258992805782007e-03,nan,nan,nan,nan,nan,nan,nan,nan,7.194244604316502468e-04,nan,nan,nan,1.474820143884888503e-02,nan,-2.302158273381297443e-02,nan,1.366906474820142083e-02,nan,6.474820143884863280e-03,nan,nan,nan,-2.374100719424462186e-02,nan,nan,nan,nan,nan,nan,nan,nan,nan,nan,nan,nan,nan,nan,nan,nan,nan,nan,nan,-1.330935251798565089e-02,-4.676258992805782007e-03,nan,nan,nan,nan,nan,nan
nan,nan,-1.393728222996526520e-03,nan,nan,nan,nan,nan,nan,nan,nan,nan,nan,nan,-6.271777003484324889e-03,nan,nan,nan,nan,nan,nan,nan,nan,2.682926829268291596e-02,nan,nan,nan,3.554006968641113678e-02,nan,-1.602787456445996586e-02,nan,4.076655052264806234e-02,nan,3.275261324041810196e-02,nan,nan,nan,-1.567944250871081829e-02,nan,nan,nan,nan,nan,nan,nan,nan,nan,nan,nan,nan,nan,nan,nan,nan,nan,nan,nan,-4.878048780487809211e-03,-2.090592334494767446e-03,nan,nan,nan,nan,nan,nan
nan,nan,-2.567811934900541410e-02,nan,nan,nan,nan,nan,nan,nan,nan,nan,nan,nan,-2.350813743218806845e-02,nan,nan,nan,nan,nan,nan,nan,nan,1.518987341772153402e-02,nan,nan,nan,6.871609403254996980e-03,nan,-1.952983725135621837e-02,nan,2.893309222423168150e-03,nan,nan,nan,nan,nan,-3.435804701627485219e-02,nan,nan,nan,nan,nan,nan,nan,nan,nan,nan,-6.509945750452050817e-03,nan,nan,nan,nan,nan,nan,nan,nan,-1.265822784810124481e-02,-1.265822784810122226e-02,nan,nan,nan,nan,nan,nan
nan,nan,8.743169398907114226e-03,nan,nan,nan,nan,nan,nan,nan,nan,nan,nan,nan,8.014571948998183704e-03,nan,nan,nan,nan,nan,nan,nan,nan,8.014571948998194112e-03,nan,nan,nan,1.384335154826957758e-02,nan,-1.347905282331514007e-02,nan,1.748633879781421457e-02,nan,1.530054644808741607e-02,nan,nan,nan,-2.185792349726800674e-03,nan,nan,nan,nan,nan,nan,nan,nan,nan,nan,nan,nan,nan,nan,nan,nan,nan,nan,nan,4.371584699453557113e-03,-1.821493624772307874e-03,nan,nan,nan,nan,nan,nan
nan,nan,nan,nan,nan,nan,nan,nan,nan,nan,nan,nan,nan,nan,1.639928698752228867e-02,nan,nan,nan,nan,nan,nan,nan,nan,8.199643493761166885e-03,nan,nan,nan,5.347593582887721908e-03,1.283422459893053189e-02,-1.426024955436710996e-03,nan,-2.852049910873421992e-03,nan,1.069518716577544468e-03,nan,nan,nan,9.625668449197877230e-03,nan,nan,nan,nan,nan,nan,nan,nan,nan,nan,nan,nan,nan,nan,nan,nan,nan,nan,nan,-2.495543672014233130e-03,3.565062388592110882e-04,nan,nan,nan,nan,nan,nan
nan,nan,nan,nan,nan,nan,nan,nan,nan,nan,nan,nan,nan,nan,1.125226860254078219e-02,nan,nan,nan,nan,nan,nan,nan,nan,4.065335753176041456e-02,nan,nan,nan,1.197822141560793766e-02,3.157894736842105365e-02,-2.903811252268617520e-03,nan,1.887477313974590329e-02,nan,1.633393829401086350e-02,nan,nan,nan,4.718693284936459342e-03,nan,nan,nan,nan,nan,nan,nan,nan,nan,nan,nan,nan,nan,nan,nan,nan,nan,nan,nan,3.629764065335771899e-04,3.629764065335771899e-04,nan,nan,nan,nan,nan,nan
nan,nan,2.193784277879329194e-03,nan,nan,nan,nan,nan,nan,nan,nan,nan,nan,nan,3.656307129798807903e-04,nan,nan,nan,nan,nan,nan,nan,nan,2.340036563071297079e-02,nan,nan,nan,2.486288848263253776e-02,nan,-1.243144424131628102e-02,nan,2.340036563071297079e-02,nan,2.157221206581351122e-02,nan,nan,nan,-2.449725776965265903e-02,nan,nan,nan,nan,nan,nan,nan,nan,nan,nan,nan,nan,nan,nan,nan,nan,nan,nan,nan,-4.021937842778799607e-03,2.193784277879351312e-03,nan,nan,nan,nan,nan,nan
nan,nan,nan,nan,nan,nan,nan,nan,nan,nan,nan,nan,nan,nan,1.695501730103810001e-02,nan,nan,nan,nan,nan,nan,nan,nan,3.667820069204155015e-02,nan,nan,nan,2.179930795847753039e-02,3.667820069204155015e-02,-8.996539792387459045e-03,nan,2.941176470588238029e-02,nan,2.525951557093433081e-02,nan,nan,nan,1.107266435986162777e-02,nan,nan,nan,nan,nan,nan,nan,nan,nan,nan,nan,nan,nan,nan,nan,nan,nan,nan,nan,1.730103806228400209e-03,5.882352941176516477e-03,nan,nan,nan,nan,nan,nan
nan,nan,9.964412811387846416e-03,nan,nan,nan,nan,nan,nan,nan,nan,nan,nan,nan,-7.117437722419994381e-03,nan,nan,nan,nan,nan,nan,nan,nan,1.138790035587182795e-02,nan,nan,nan,2.562277580071171609e-02,nan,-7.473309608541001473e-03,nan,2.348754448398573252e-02,nan,2.633451957295370599e-02,nan,nan,nan,-8.540925266903975910e-03,nan,nan,nan,nan,nan,nan,nan,nan,nan,nan,nan,nan,nan,nan,nan,nan,nan,nan,nan,-5.693950177935991168e-03,-2.220446049250313204e-17,nan,nan,nan,nan,nan,nan
nan,nan,nan,nan,nan,nan,nan,nan,nan,nan,nan,nan,nan,nan,8.127208480565362159e-03,nan,nan,nan,nan,nan,nan,nan,nan,2.190812720848055520e-02,nan,nan,nan,9.187279151943460870e-03,nan,-1.519434628975264642e-02,nan,1.378091872791518090e-02,nan,2.332155477031801899e-02,nan,nan,nan,-1.908127208480565537e-02,nan,nan,nan,nan,nan,nan,nan,nan,nan,nan,-3.533568904593664900e-04,nan,nan,nan,nan,nan,nan,nan,nan,3.886925795053031065e-03,3.533568904593664683e-03,nan,nan,nan,nan,nan,nan
nan,nan,-1.818181818181820869e-02,nan,nan,nan,nan,nan,nan,nan,nan,nan,nan,nan,-1.854545454545459757e-02,nan,nan,nan,nan,nan,nan,nan,nan,1.127272727272723464e-02,nan,nan,nan,1.381818181818176249e-02,nan,-2.727272727272733732e-02,nan,2.509090909090904223e-02,nan,1.818181818181813236e-02,nan,nan,nan,-3.309090909090912913e-02,nan,nan,nan,nan,nan,nan,nan,nan,nan,nan,nan,nan,nan,nan,nan,nan,nan,nan,nan,-5.818181818181855994e-03,2.545454545454495319e-03,nan,nan,nan,nan,nan,nan
nan,nan,nan,nan,nan,nan,nan,nan,nan,nan,nan,nan,nan,nan,3.225806451612855952e-03,nan,nan,nan,nan,nan,nan,nan,nan,2.365591397849461236e-02,nan,nan,nan,1.469534050179210904e-02,1.326164874551967118e-02,-9.318996415770653546e-03,nan,1.326164874551969373e-02,nan,1.505376344086020203e-02,nan,nan,nan,-2.508960573476737201e-03,nan,nan,nan,nan,nan,nan,nan,nan,nan,nan,nan,nan,nan,nan,nan,nan,nan,nan,nan,-1.792114695340529763e-03,-5.017921146953474403e-03,nan,nan,nan,nan,nan,nan
nan,nan,-1.039861351819748678e-03,nan,nan,nan,nan,nan,nan,nan,nan,nan,nan,nan,-2.045060658578850069e-02,nan,nan,nan,nan,nan,nan,nan,nan,3.119584055459274571e-02,nan,nan,nan,2.599653379549398194e-02,nan,-1.906412478336216854e-02,nan,3.986135181975740405e-02,nan,4.124783362218373967e-02,nan,nan,nan,-1.178509532062388399e-02,nan,nan,nan,nan,nan,nan,nan,nan,nan,nan,nan,nan,nan,nan,nan,nan,nan,nan,nan,3.119584055459334506e-03,-3.466204506065606486e-04,nan,nan,nan,nan,nan,nan
nan,nan,nan,nan,nan,nan,nan,nan,nan,nan,nan,nan,nan,nan,6.896551724137856346e-03,nan,nan,nan,nan,nan,nan,nan,nan,2.141560798548092226e-02,nan,nan,nan,1.960072595281304661e-02,2.613430127041739201e-02,-1.270417422867520241e-02,nan,1.343012704174224511e-02,nan,1.197822141560793766e-02,nan,nan,nan,-5.444646098003658174e-03,nan,nan,nan,nan,nan,nan,nan,nan,nan,nan,nan,nan,nan,nan,nan,nan,nan,nan,nan,7.259528130670878099e-04,2.177858439201396570e-03,nan,nan,nan,nan,nan,nan
nan,nan,nan,nan,nan,nan,nan,nan,nan,nan,nan,nan,nan,nan,6.666666666666732147e-03,nan,nan,nan,nan,nan,nan,nan,nan,1.222222222222225582e-02,nan,nan,nan,4.440892098500626408e-17,1.222222222222225582e-02,-7.777777777777728115e-03,nan,7.777777777777794901e-03,nan,3.703703703703986497e-04,nan,nan,nan,-2.222222222222169745e-03,nan,nan,nan,nan,nan,nan,nan,nan,nan,nan,nan,nan,nan,nan,nan,nan,nan,nan,nan,1.481481481481528029e-03,2.222222222222280767e-03,nan,nan,nan,nan,nan,nan
nan,nan,-3.949730700179565623e-03,nan,nan,nan,nan,nan,nan,nan,nan,nan,nan,nan,1.795332136445226823e-03,nan,nan,nan,nan,nan,nan,nan,nan,1.400359066427286914e-02,nan,nan,nan,2.980251346499098591e-02,nan,-1.328545780969481171e-02,nan,3.087971274685812409e-02,nan,2.621184919210051145e-02,nan,nan,nan,-1.113105924596053883e-02,nan,nan,nan,nan,nan,nan,nan,nan,nan,nan,nan,nan,nan,nan,nan,nan,nan,nan,nan,-5.385996409335791490e-03,2.513464991023317639e-03,nan,nan,nan,nan,nan,nan
nan,nan,-1.021126760563379962e-02,nan,nan,nan,nan,nan,nan,nan,nan,nan,nan,nan,-1.056338028169034795e-03,nan,nan,nan,nan,nan,nan,nan,nan,1.056338028169012677e-02,nan,nan,nan,2.816901408450700472e-03,nan,-1.373239436619717521e-02,nan,5.985915492957738504e-03,nan,nan,nan,nan,nan,-2.676056338028169959e-02,nan,nan,nan,nan,nan,nan,nan,nan,nan,nan,3.521126760563375591e-03,nan,nan,nan,nan,nan,nan,nan,nan,-3.521126760563486721e-04,4.225352112676050709e-03,nan,nan,nan,nan,nan,nan
nan,nan,nan,nan,nan,nan,nan,nan,nan,nan,nan,nan,nan,nan,1.097345132743363615e-02,nan,nan,nan,nan,nan,nan,nan,nan,2.477876106194689537e-02,nan,nan,nan,1.097345132743361359e-02,1.840707964601768706e-02,nan,nan,1.522123893805311587e-02,nan,2.831858407079646065e-03,nan,nan,nan,7.787610619469043267e-03,nan,nan,nan,nan,nan,nan,nan,nan,nan,nan,-2.831858407079623947e-03,nan,nan,nan,nan,nan,nan,nan,nan,1.415929203539811974e-03,-3.539823008849474098e-04,nan,nan,nan,nan,nan,nan
nan,nan,-1.798561151079103391e-03,nan,nan,nan,nan,nan,nan,nan,nan,nan,nan,nan,-1.474820143884891799e-02,nan,nan,nan,nan,nan,nan,nan,nan,3.417266187050362752e-02,nan,nan,nan,3.165467625899283377e-02,nan,-1.762589928057551811e-02,nan,3.381294964028778993e-02,nan,2.517985611510794447e-02,nan,nan,nan,-1.870503597122301701e-02,nan,nan,nan,nan,nan,nan,nan,nan,nan,nan,nan,nan,nan,nan,nan,nan,nan,nan,nan,-1.798561151079125509e-03,3.237410071942426002e-03,nan,nan,nan,nan,nan,nan
nan,nan,-4.642857142857126536e-03,nan,nan,nan,nan,nan,nan,nan,nan,nan,nan,nan,-1.285714285714290028e-02,nan,nan,nan,nan,nan,nan,nan,nan,2.428571428571426466e-02,nan,nan,nan,3.607142857142855291e-02,nan,-1.857142857142861717e-02,nan,3.464285714285712803e-02,nan,2.714285714285712484e-02,nan,nan,nan,-1.464285714285717965e-02,nan,nan,nan,nan,nan,nan,nan,nan,nan,nan,nan,nan,nan,nan,nan,nan,nan,nan,nan,-7.499999999999973702e-03,1.785714285714279370e-03,nan,nan,nan,nan,nan,nan
nan,nan,7.092198581560271373e-03,nan,nan,nan,nan,nan,nan,nan,nan,nan,nan,nan,1.241134751773049702e-02,nan,nan,nan,nan,nan,nan,nan,nan,7.446808510638292140e-03,nan,nan,nan,-1.028368794326240884e-02,nan,-1.063829787234043048e-02,nan,3.191489361702115786e-03,nan,nan,nan,nan,nan,-7.446808510638303416e-03,nan,nan,nan,nan,nan,nan,nan,nan,nan,nan,7.092198581560293924e-04,nan,nan,nan,nan,nan,nan,nan,nan,-1.063829787234060785e-03,3.191489361702115786e-03,nan,nan,nan,nan,nan,nan
nan,nan,-1.256931608133089392e-02,nan,nan,nan,nan,nan,nan,nan,nan,nan,nan,nan,-8.872458410351224956e-03,nan,nan,nan,nan,nan,nan,nan,nan,2.365988909426983838e-02,nan,nan,nan,1.959334565619220633e-02,nan,-1.848428835489836913e-02,nan,2.513863216266172193e-02,nan,2.402957486136780840e-02,nan,nan,nan,-2.661737523105365405e-02,nan,nan,nan,nan,nan,nan,nan,nan,nan,nan,nan,nan,nan,nan,nan,nan,nan,nan,nan,3.696857670979269766e-04,-3.696857670979691955e-03,nan,nan,nan,nan,nan,nan
nan,nan,nan,nan,nan,nan,nan,nan,nan,nan,nan,nan,nan,nan,3.418803418803406657e-03,nan,nan,nan,nan,nan,nan,nan,nan,2.940170940170940689e-02,nan,nan,nan,3.418803418803406657e-03,2.837606837606838558e-02,-1.059829059829056098e-02,nan,1.572649572649573863e-02,nan,1.094017094017092281e-02,nan,nan,nan,4.102564102564087815e-03,nan,nan,nan,nan,nan,nan,nan,nan,nan,nan,nan,nan,nan,nan,nan,nan,nan,nan,nan,2.735042735042725499e-03,2.051282051282043908e-03,nan,nan,nan,nan,nan,nan
nan,nan,nan,nan,nan,nan,nan,nan,nan,nan,nan,nan,nan,nan,0.000000000000000000e+00,nan,nan,nan,nan,nan,nan,nan,nan,1.500000000000005843e-02,nan,nan,nan,-2.857142857142847166e-03,3.571428571428580858e-03,-1.035714285714282000e-02,nan,8.928571428571441954e-03,nan,-1.428571428571423583e-03,nan,nan,nan,-1.107142857142853244e-02,nan,nan,nan,nan,nan,nan,nan,nan,nan,nan,nan,nan,nan,nan,nan,nan,nan,nan,nan,-1.785714285714279370e-03,7.142857142857117914e-04,nan,nan,nan,nan,nan,nan
nan,nan,nan,nan,nan,nan,nan,nan,nan,nan,nan,nan,nan,nan,6.007067137809118766e-03,nan,nan,nan,nan,nan,nan,nan,nan,1.731448763250877793e-02,nan,nan,nan,1.413427561837452516e-02,1.307420494699644900e-02,-1.095406360424036087e-02,nan,1.519434628975262561e-02,nan,1.413427561837454771e-02,nan,nan,nan,3.886925795052942161e-03,nan,nan,nan,nan,nan,nan,nan,nan,nan,nan,nan,nan,nan,nan,nan,nan,nan,nan,nan,-7.067137809187550978e-04,2.473498233215498752e-03,nan,nan,nan,nan,nan,nan
nan,nan,nan,nan,nan,nan,nan,nan,nan,nan,nan,nan,nan,nan,-2.181818181818195781e-03,nan,nan,nan,nan,nan,nan,nan,nan,2.363636363636364285e-02,nan,nan,nan,1.309090909090906453e-02,1.927272727272727471e-02,-9.454545454545448119e-03,nan,1.454545454545452809e-02,nan,1.381818181818179544e-02,nan,nan,nan,-8.363636363636350879e-03,nan,nan,nan,nan,nan,nan,nan,nan,nan,nan,nan,nan,nan,nan,nan,nan,nan,nan,nan,-1.090909090909097890e-03,7.272727272727319992e-04,nan,nan,nan,nan,nan,nan
nan,nan,nan,nan,nan,nan,nan,nan,nan,nan,nan,nan,nan,nan,1.698113207547169434e-02,nan,nan,nan,nan,nan,nan,nan,nan,1.886792452830188260e-02,nan,nan,nan,1.735849056603773130e-02,2.452830188679244738e-02,-1.886792452830188260e-03,nan,1.207547169811320521e-02,nan,1.018867924528301695e-02,nan,nan,nan,1.056603773584905391e-02,nan,nan,nan,nan,nan,nan,nan,nan,nan,nan,nan,nan,nan,nan,nan,nan,nan,nan,nan,4.150943396226414346e-03,6.415094339622640432e-03,nan,nan,nan,nan,nan,nan
nan,nan,-3.296703296703373896e-03,nan,nan,nan,nan,nan,nan,nan,nan,nan,nan,nan,-5.860805860805951006e-03,nan,nan,nan,nan,nan,nan,nan,nan,1.904761904761897995e-02,nan,nan,nan,1.208791208791204497e-02,1.794871794871788495e-02,nan,nan,2.710622710622703074e-02,nan,2.490842490842481993e-02,nan,nan,nan,-9.157509157509235997e-03,nan,nan,nan,nan,nan,nan,nan,nan,nan,nan,nan,nan,nan,nan,nan,nan,nan,nan,nan,3.663003663003427729e-04,5.860805860805839984e-03,nan,nan,nan,nan,nan,nan
nan,nan,nan,nan,nan,nan,nan,nan,nan,nan,nan,nan,nan,nan,-1.405975395430603039e-03,nan,nan,nan,nan,nan,nan,nan,nan,2.460456942003513836e-02,nan,nan,nan,2.179261862917397652e-02,1.476274165202107191e-02,-9.138840070298814150e-03,nan,1.722319859402459200e-02,nan,2.108963093145866871e-02,nan,nan,nan,-2.460456942003541765e-03,nan,nan,nan,nan,nan,nan,nan,nan,nan,nan,nan,nan,nan,nan,nan,nan,nan,nan,nan,-3.514938488576646375e-04,6.678383128295217741e-03,nan,nan,nan,nan,nan,nan
nan,nan,1.191335740072203483e-02,nan,nan,nan,nan,nan,nan,nan,nan,nan,nan,nan,1.119133574007220508e-02,nan,nan,nan,nan,nan,nan,nan,nan,1.407942238267145818e-02,nan,nan,nan,2.129963898916970022e-02,nan,-9.747292418772568121e-03,nan,3.104693140794224579e-02,nan,2.635379061371843218e-02,nan,nan,nan,-1.516245487364620281e-02,nan,nan,nan,nan,nan,nan,nan,nan,nan,nan,nan,nan,nan,nan,nan,nan,nan,nan,nan,-4.332129963898911744e-03,1.227436823104692890e-02,nan,nan,nan,nan,nan,nan
